Application_ID,Age,Gender,Marital_Status,Dependents,Employment_Status,Annual_Income,Credit_Score,Loan_Amount,Loan_Term_Months,Interest_Rate,Debt_to_Income_Ratio,Has_Collateral,Property_Type,Existing_Loans,Loan_Purpose,Bank_Account_Type,Missed_Payments_Last_Year,Loan_Application_Channel,Co-Applicant,Loan_Approved
APP2000,21,Female,Divorced,0,Employed,151875.55,518,34258.42,60,7.99,46.49,No,Apartment,3,Business,Both,4,Online,Yes,no
APP2001,46,Male,Single,3,Unemployed,160969.23,832,49211.72,48,5.99,18.37,No,Apartment,0,Car,Checking,3,Online,Yes,yes
APP2002,61,Female,Single,4,Employed,37034.71,391,46031.84,12,2.46,11.58,Yes,Apartment,1,Home,None,2,Branch,Yes,yes
APP2003,51,Female,Married,4,Employed,41001.22,426,24760.88,36,6.2,39.65,Yes,Apartment,3,Home,Checking,4,Branch,Yes,no
APP2004,30,Male,Single,3,Unemployed,67997.64,379,6797.66,12,9.07,43.1,Yes,Apartment,2,Home,Checking,3,Online,Yes,yes
APP2005,59,Female,Married,1,Employed,110844.28,537,21303.21,36,9.17,48.71,No,Apartment,0,Personal,Savings,0,Online,No,yes
APP2006,26,Male,Single,1,Self-Employed,153382.97,671,42187.56,24,6.64,45.59,No,Apartment,2,Business,Checking,3,Branch,No,yes
APP2007,59,Male,Divorced,4,Self-Employed,169758.21,785,36567.46,24,7.81,34.02,Yes,None,1,Home,Savings,2,Branch,Yes,yes
APP2008,48,Female,Single,4,Employed,145302.03,324,25670.46,60,14.55,31.2,No,Apartment,0,Personal,None,1,Online,No,yes
APP2009,24,Male,Married,3,Self-Employed,186790.42,455,7479.57,72,6.91,11.11,No,None,3,Personal,Savings,1,Agent,Yes,yes
APP2010,21,Male,Single,1,Unemployed,151667.55,816,24210.26,24,5.36,19.87,No,None,1,Home,Savings,1,Agent,Yes,yes
APP2011,36,Male,Divorced,4,Employed,71659.56,829,26106.12,60,5.17,28.38,No,House,3,Home,Savings,0,Online,No,yes
APP2012,59,Female,Married,1,Employed,64040.04,356,46785,12,7.95,35.14,No,House,0,Car,Both,2,Online,No,yes
APP2013,47,Male,Divorced,4,Unemployed,143795.6,318,33848.87,24,11.87,32.29,No,None,2,Home,Savings,4,Branch,Yes,no
APP2014,48,Female,Divorced,0,Unemployed,50681.06,683,19024.38,12,4.68,39.71,No,None,1,Car,Checking,1,Branch,Yes,yes
APP2015,52,Female,Married,2,Unemployed,32152.24,492,28639.32,12,11.22,21.19,Yes,Apartment,1,Home,Savings,2,Agent,No,yes
APP2016,38,Male,Divorced,0,Employed,113461.23,536,7972.49,72,2.27,32.6,Yes,House,3,Home,Checking,3,Online,No,yes
APP2017,48,Male,Divorced,4,Unemployed,167003.69,686,48765.57,24,7.45,13.53,Yes,Land,0,Business,Savings,0,Branch,Yes,yes
APP2018,36,Female,Single,2,Unemployed,33755.27,725,21202.7,12,12.09,26.55,Yes,House,3,Home,Both,2,Agent,Yes,yes
APP2019,48,Female,Divorced,2,Self-Employed,161499.89,576,26504.03,72,6.4,40.01,Yes,None,0,Home,None,2,Agent,Yes,yes
APP2020,49,Male,Divorced,4,Self-Employed,165140.82,526,20987.78,72,9.33,37.74,Yes,None,1,Car,Savings,4,Agent,No,no
APP2021,19,Male,Divorced,4,Employed,104220.69,622,35713.03,24,4.66,49.63,Yes,Apartment,0,Car,Savings,2,Branch,Yes,yes
APP2022,69,Female,Divorced,1,Self-Employed,25602.41,452,34800.45,72,11.65,21.12,Yes,Apartment,1,Business,Both,4,Branch,No,yes
APP2023,27,Female,Married,4,Self-Employed,47299.12,536,37189.5,24,2.68,29.93,Yes,House,0,Home,Savings,0,Online,Yes,yes
APP2024,19,Female,Single,3,Unemployed,145873.86,354,17066.45,24,13.08,23.18,No,Apartment,2,Home,Checking,0,Online,No,yes
APP2025,19,Female,Divorced,4,Unemployed,146678.92,735,19205.08,36,4.58,27.62,No,Land,0,Car,Savings,3,Agent,No,yes
APP2026,41,Female,Divorced,3,Self-Employed,181195.73,408,10636.31,12,13.37,44.28,Yes,Land,2,Personal,Savings,4,Agent,No,yes
APP2027,34,Male,Married,4,Self-Employed,122796.94,483,34497.95,48,6.58,37.37,No,Apartment,0,Personal,None,4,Branch,No,no
APP2028,49,Female,Divorced,1,Self-Employed,37959.86,667,6790.87,24,11.39,45.3,No,Land,0,Personal,None,1,Branch,Yes,yes
APP2029,33,Female,Married,3,Employed,37461.76,497,31895.71,12,6.15,18.14,Yes,Land,3,Car,Savings,1,Online,No,no
APP2030,33,Male,Single,0,Employed,148409.49,670,44136.31,72,13.78,44.93,Yes,House,3,Car,Both,3,Online,No,yes
APP2031,63,Male,Single,3,Employed,49000.16,672,45087.45,60,3.65,12.39,Yes,Land,1,Personal,None,0,Online,No,yes
APP2032,56,Female,Divorced,1,Self-Employed,75751.32,796,25206.7,24,4.32,45.54,No,None,3,Personal,Savings,5,Branch,Yes,no
APP2033,48,Female,Divorced,3,Self-Employed,105134.22,500,25668.67,72,8.41,23.16,No,None,0,Home,None,1,Agent,Yes,yes
APP2034,60,Male,Divorced,4,Employed,19581.5,808,8463.61,72,3.07,22.58,Yes,House,3,Car,Savings,2,Online,Yes,yes
APP2035,41,Female,Married,4,Employed,61031.52,621,35184.43,72,4.55,30.48,No,Apartment,0,Car,None,0,Online,Yes,yes
APP2036,18,Female,Divorced,1,Self-Employed,90459.58,574,41956.67,72,14.27,47.63,No,House,2,Personal,None,5,Branch,Yes,yes
APP2037,28,Male,Divorced,2,Unemployed,66732.72,510,16009.48,72,14.69,11.91,No,Apartment,0,Personal,Checking,2,Online,Yes,yes
APP2038,38,Female,Single,4,Employed,40228.51,803,23958.54,24,6.89,24.09,Yes,Apartment,1,Business,Savings,4,Agent,No,yes
APP2039,21,Male,Divorced,0,Self-Employed,149682.27,417,42747.77,48,14,44.26,No,Apartment,2,Car,Savings,0,Branch,No,yes
APP2040,24,Male,Single,1,Self-Employed,165432.32,341,44470.42,36,9.08,25.84,No,Apartment,1,Business,Savings,3,Online,No,yes
APP2041,43,Male,Divorced,3,Unemployed,62633.61,614,15943.1,72,5.51,17.97,No,Apartment,1,Home,Savings,4,Online,Yes,yes
APP2042,64,Male,Single,3,Self-Employed,158267.61,628,29775.68,72,11.13,26.99,No,House,1,Business,None,4,Branch,No,yes
APP2043,67,Female,Divorced,0,Self-Employed,86327.41,316,13662.19,36,10.57,25.42,No,Apartment,3,Personal,Checking,2,Branch,No,yes
APP2044,29,Male,Single,4,Employed,108736.87,582,9584.54,24,14.86,46.62,No,Land,1,Car,Checking,4,Online,Yes,yes
APP2045,48,Female,Married,1,Employed,173360.2,557,46000.42,12,5.45,40.48,No,Land,2,Car,Both,1,Agent,No,yes
APP2046,34,Female,Single,0,Unemployed,153741.43,318,41922.84,60,10.74,30.2,Yes,Apartment,0,Business,Savings,0,Branch,Yes,yes
APP2047,50,Female,Single,4,Unemployed,163946.62,828,39201.57,60,2.68,49.53,Yes,Land,1,Business,Both,1,Agent,No,no
APP2048,28,Female,Single,1,Self-Employed,40316.36,722,7194.48,12,3.48,28.61,No,None,2,Home,None,2,Online,Yes,no
APP2049,45,Female,Divorced,3,Employed,27898.09,765,42967.8,24,2.05,12.33,Yes,House,1,Home,Both,5,Agent,Yes,yes
APP2050,49,Male,Divorced,1,Unemployed,180279.87,672,24711.98,60,14.99,20.49,No,House,0,Personal,Savings,2,Online,Yes,yes
APP2051,18,Male,Divorced,2,Unemployed,86749.34,380,20407.78,36,12.43,27.44,No,Apartment,2,Personal,Checking,0,Online,No,yes
APP2052,64,Male,Married,1,Unemployed,68257.74,847,29591.44,12,12.23,16.28,No,Apartment,2,Personal,Checking,4,Online,No,yes
APP2053,45,Male,Married,2,Self-Employed,149068.81,723,9110.9,48,8.63,47.9,Yes,None,0,Business,Savings,3,Online,Yes,yes
APP2054,59,Female,Single,1,Employed,169736.89,728,39049.09,24,5.9,40.67,No,Apartment,2,Business,None,2,Agent,Yes,yes
APP2055,24,Male,Married,2,Unemployed,174560.58,687,31209.58,12,3.97,20.73,No,Land,0,Car,Savings,0,Online,No,yes
APP2056,19,Female,Single,3,Employed,73459.47,503,13396.55,60,5.7,33.63,Yes,None,2,Personal,None,3,Online,No,yes
APP2057,59,Female,Single,4,Unemployed,172659.29,495,13470.45,24,6.89,38.86,Yes,Land,2,Business,Checking,4,Agent,Yes,yes
APP2058,41,Male,Single,2,Unemployed,22572.78,584,13291.19,36,11.83,47.65,No,House,0,Car,None,5,Branch,No,yes
APP2059,21,Male,Married,2,Employed,24187.38,495,7565.11,24,9.02,45.27,Yes,Land,0,Personal,Savings,2,Agent,No,no
APP2060,61,Male,Divorced,3,Employed,130351.05,606,31450.93,24,3.01,30.61,Yes,House,2,Home,Savings,5,Agent,No,no
APP2061,36,Male,Married,2,Employed,26674.68,313,42815.67,36,2.23,40.99,No,Land,2,Home,Savings,0,Agent,Yes,yes
APP2062,43,Female,Single,0,Self-Employed,75052.7,445,5787.42,72,3.33,32.49,No,House,0,Business,None,5,Online,Yes,no
APP2063,28,Female,Single,3,Unemployed,139459.86,356,7205.21,36,7.34,32.11,No,Apartment,3,Car,None,5,Online,No,yes
APP2064,57,Male,Married,0,Self-Employed,77394.38,509,30774.66,24,14.13,14.59,Yes,Land,0,Home,None,0,Online,Yes,yes
APP2065,67,Female,Single,3,Employed,48225.96,828,41877.31,36,10.29,15.05,Yes,House,2,Car,Checking,0,Branch,No,yes
APP2066,60,Female,Single,2,Unemployed,67049.87,643,19703.25,72,12.42,31.18,Yes,Land,2,Car,Both,2,Online,No,yes
APP2067,28,Female,Married,0,Self-Employed,99651.44,578,20732.65,12,8.06,20.75,No,None,2,Home,Both,5,Branch,Yes,yes
APP2068,62,Male,Married,2,Unemployed,102946.38,508,31835.59,36,6.7,10.84,Yes,Apartment,0,Car,Savings,3,Online,Yes,yes
APP2069,20,Female,Married,3,Self-Employed,159855.04,634,17339.58,36,3.41,38.91,Yes,House,2,Home,Checking,0,Agent,Yes,yes
APP2070,29,Male,Single,2,Employed,153778.35,587,6197.38,24,13.39,11.3,No,None,3,Business,None,4,Online,No,yes
APP2071,20,Male,Single,0,Self-Employed,99511.29,551,38085.28,12,12.18,33.81,No,Land,1,Personal,Savings,5,Branch,No,no
APP2072,59,Female,Divorced,0,Unemployed,171448.46,564,33154.25,48,4.19,31.57,No,None,3,Personal,Checking,0,Branch,Yes,yes
APP2073,44,Female,Divorced,2,Unemployed,36133.87,570,31134.02,48,8.66,48.75,Yes,Land,0,Business,Savings,3,Online,Yes,no
APP2074,66,Male,Married,1,Unemployed,62240.37,718,38375.79,60,8.34,29.37,No,Apartment,2,Home,Checking,2,Agent,Yes,no
APP2075,19,Female,Divorced,3,Unemployed,168175.65,510,35385.39,36,10.13,12.54,Yes,None,0,Home,Checking,5,Online,No,yes
APP2076,66,Female,Single,3,Employed,84928.9,664,14264.69,36,14.3,32.07,Yes,Apartment,1,Home,Both,0,Online,No,yes
APP2077,33,Male,Divorced,2,Self-Employed,196518.59,375,20861.65,12,9.54,43.64,No,House,0,Home,Savings,0,Online,No,no
APP2078,19,Male,Single,1,Employed,101256.86,620,10674.96,72,9.02,49.87,No,Land,2,Business,None,4,Agent,Yes,yes
APP2079,47,Male,Married,0,Employed,161508.09,732,10843.57,48,2.65,27.21,No,Land,1,Personal,Both,4,Branch,Yes,no
APP2080,37,Male,Married,4,Employed,89426.8,408,35428.81,60,2.82,22.81,No,Apartment,1,Car,Both,5,Agent,No,yes
APP2081,55,Female,Single,4,Unemployed,93616.4,821,43637,12,4.44,46.27,No,Apartment,2,Car,None,0,Branch,Yes,yes
APP2082,45,Female,Divorced,2,Unemployed,85833.38,346,48322.97,36,2.42,17.65,Yes,House,2,Personal,Checking,5,Branch,Yes,yes
APP2083,42,Male,Married,1,Unemployed,148028.99,678,33275.62,48,11.66,34.62,Yes,None,2,Business,None,0,Branch,Yes,yes
APP2084,49,Male,Married,1,Self-Employed,116290.81,395,13284.56,60,11.4,26.23,Yes,Land,0,Car,Savings,4,Agent,Yes,yes
APP2085,27,Male,Divorced,3,Unemployed,189598.95,402,9754.27,24,3.77,11.64,No,Land,3,Personal,None,3,Online,No,yes
APP2086,59,Female,Divorced,0,Self-Employed,61414.71,445,41578.29,48,12.87,23.89,Yes,House,0,Business,Checking,1,Online,Yes,no
APP2087,57,Male,Single,1,Unemployed,33604.11,326,31044.04,60,4.01,20.61,No,House,0,Car,None,1,Online,No,yes
APP2088,50,Female,Divorced,4,Unemployed,87753.37,829,32822.83,12,5.92,37.44,No,Apartment,3,Home,Checking,0,Online,No,yes
APP2089,30,Male,Divorced,0,Employed,129091.85,381,40165.79,24,5.24,47.95,Yes,Apartment,2,Home,Checking,4,Online,Yes,no
APP2090,58,Male,Divorced,0,Employed,174247.8,727,36647.48,60,6.84,20.72,Yes,None,2,Business,Savings,2,Agent,No,yes
APP2091,59,Male,Single,2,Employed,79046.42,778,42550.62,60,5.31,42.46,No,House,3,Home,None,2,Agent,No,yes
APP2092,64,Female,Single,1,Self-Employed,135950.55,461,7529.63,36,8.36,12.21,Yes,None,3,Business,None,1,Agent,Yes,no
APP2093,54,Female,Married,2,Self-Employed,79786.76,701,38638.43,72,7.3,31.52,No,House,0,Personal,Savings,3,Agent,No,yes
APP2094,33,Female,Single,1,Unemployed,129185.62,807,43288.37,48,14.83,12.82,Yes,Land,1,Personal,Checking,1,Agent,No,yes
APP2095,62,Male,Married,3,Self-Employed,178689.47,337,17876.08,36,2.73,47.36,Yes,House,3,Car,None,0,Agent,No,no
APP2096,39,Female,Divorced,2,Unemployed,57801.16,810,33820.13,24,3.85,40.65,Yes,House,0,Business,Savings,3,Agent,No,no
APP2097,37,Female,Married,2,Self-Employed,89784.7,692,19137.29,72,2.69,36.32,Yes,Land,1,Car,Checking,2,Online,No,yes
APP2098,67,Male,Married,4,Self-Employed,198754.06,793,48108.7,60,10.14,42.96,Yes,House,2,Car,Savings,4,Branch,No,yes
APP2099,60,Male,Divorced,2,Self-Employed,175683.05,499,6504.06,36,2.71,35.9,No,None,2,Personal,None,4,Agent,No,no
APP2100,44,Female,Married,1,Employed,119458.37,554,31090.68,72,12.87,48.76,Yes,Apartment,0,Car,Savings,0,Branch,No,yes
APP2101,58,Female,Single,4,Self-Employed,110576.1,478,12492.66,48,8.66,38.56,Yes,Apartment,0,Home,Both,1,Agent,Yes,no
APP2102,33,Female,Single,2,Employed,67651.07,846,37049.91,24,8.85,46.99,Yes,None,3,Car,Checking,0,Agent,Yes,yes
APP2103,51,Female,Single,2,Employed,110683.74,688,12915.06,12,9.3,30.69,No,Land,2,Business,Both,4,Online,Yes,yes
APP2104,49,Male,Single,3,Self-Employed,171913.58,697,15592.25,36,4.22,14.68,No,House,0,Home,Both,2,Branch,No,yes
APP2105,43,Male,Married,2,Unemployed,141757.28,457,27246.69,24,4.57,31.13,No,None,2,Personal,Checking,4,Online,No,yes
APP2106,42,Male,Married,0,Unemployed,68658.15,303,46167.57,12,6.14,15.07,No,Apartment,2,Business,Checking,3,Online,No,yes
APP2107,19,Female,Divorced,4,Unemployed,52270.83,466,14527.15,36,9.72,33.7,No,Apartment,3,Home,Savings,5,Branch,Yes,yes
APP2108,29,Female,Married,0,Self-Employed,64063.58,767,11490.8,24,4.73,29.3,Yes,None,1,Business,Checking,4,Online,Yes,no
APP2109,57,Male,Married,4,Unemployed,46405.45,708,39153.96,24,3.51,34.9,Yes,Apartment,3,Home,Both,4,Agent,Yes,yes
APP2110,26,Male,Married,3,Employed,32693.53,711,27527.88,72,14.61,10.4,Yes,None,0,Business,Both,5,Agent,No,yes
APP2111,29,Female,Divorced,2,Unemployed,92540.19,503,46030.33,36,2.29,17.79,No,Apartment,3,Business,None,3,Agent,Yes,no
APP2112,43,Female,Single,2,Self-Employed,35960.43,493,11597.66,24,12.44,29.65,No,None,3,Home,Checking,1,Agent,Yes,no
APP2113,26,Male,Married,2,Unemployed,46803.82,534,34066.76,60,12.24,48.02,Yes,House,2,Personal,Both,4,Agent,No,no
APP2114,27,Male,Divorced,4,Employed,116255.07,449,15479.56,36,5.86,25.34,No,House,3,Personal,None,0,Online,Yes,yes
APP2115,49,Male,Divorced,2,Self-Employed,45450.87,458,12054.22,24,3.76,26.97,No,House,0,Business,None,4,Online,No,yes
APP2116,51,Female,Divorced,0,Unemployed,26817.76,578,35754.32,72,3.89,38.59,No,House,1,Business,Savings,0,Agent,Yes,yes
APP2117,65,Female,Single,2,Self-Employed,73716.94,703,31715.81,12,11.07,34.15,Yes,Apartment,3,Personal,Both,3,Agent,No,yes
APP2118,37,Female,Married,3,Self-Employed,55759.03,610,38967.24,12,10.36,21.96,Yes,Land,3,Personal,Savings,4,Online,No,no
APP2119,56,Female,Divorced,0,Self-Employed,110331.46,367,18925.82,60,12.18,26.43,No,None,1,Car,Both,3,Branch,No,yes
APP2120,19,Female,Single,2,Unemployed,33937.91,762,25158.72,36,14.19,18.71,No,Land,0,Personal,Savings,3,Online,No,yes
APP2121,18,Female,Divorced,2,Self-Employed,154077.6,387,23246.23,72,11,48.64,No,Apartment,0,Business,Savings,1,Online,No,yes
APP2122,68,Male,Divorced,1,Unemployed,182653.2,516,49284.03,24,4.03,15.23,No,Apartment,3,Home,Checking,4,Online,Yes,no
APP2123,53,Male,Divorced,4,Employed,152535.51,300,18151.2,24,5.16,24.87,Yes,Land,2,Personal,Savings,0,Online,No,yes
APP2124,41,Female,Divorced,0,Unemployed,113573,434,18266.78,12,12.95,11.03,No,Land,3,Car,Checking,0,Online,No,yes
APP2125,44,Male,Divorced,1,Employed,174223.55,650,20954.67,72,4.72,18.87,Yes,Apartment,1,Car,None,4,Branch,No,yes
APP2126,19,Female,Single,3,Unemployed,143559.9,439,30406.73,60,2.94,41.22,Yes,Apartment,1,Car,Both,5,Agent,No,yes
APP2127,48,Male,Married,4,Self-Employed,16951.96,432,16354.52,12,11.14,18.05,Yes,None,1,Home,None,1,Agent,Yes,yes
APP2128,31,Female,Married,0,Unemployed,87906.68,477,46188.05,12,7.23,13.2,No,House,3,Personal,Both,1,Branch,No,yes
APP2129,19,Male,Married,2,Self-Employed,172426.1,657,16955.85,60,13.96,28.98,Yes,House,3,Personal,None,1,Agent,Yes,yes
APP2130,46,Male,Married,0,Employed,78983.89,679,45311.71,36,10.45,10.4,Yes,None,0,Personal,Both,0,Agent,No,yes
APP2131,32,Female,Single,2,Unemployed,21514.81,749,9656.38,24,3.18,13.39,No,Land,2,Home,Savings,3,Agent,No,yes
APP2132,29,Female,Single,4,Self-Employed,153043.23,762,34545.32,36,14.32,42.31,No,Apartment,3,Home,Both,5,Branch,Yes,no
APP2133,54,Male,Single,2,Employed,163377.08,407,45814.35,72,5.36,40.86,No,Land,0,Business,Both,1,Branch,Yes,yes
APP2134,45,Male,Divorced,3,Employed,44709.83,421,12593.72,48,6.38,46.61,Yes,House,3,Car,None,0,Agent,Yes,yes
APP2135,37,Female,Divorced,2,Unemployed,114407.99,316,48574.71,48,7.23,44.18,No,House,0,Car,None,0,Agent,No,yes
APP2136,56,Male,Divorced,3,Employed,50511.76,495,25379.75,48,2.67,37.33,Yes,Land,0,Personal,None,3,Agent,Yes,yes
APP2137,41,Female,Married,4,Self-Employed,148058.37,626,47557.18,60,8.45,12.09,Yes,House,2,Home,Checking,4,Online,No,yes
APP2138,38,Female,Divorced,4,Employed,65236.83,617,35456.9,12,3.6,41.31,No,Apartment,3,Home,Checking,4,Online,Yes,yes
APP2139,27,Male,Married,0,Employed,73499.8,778,18571.41,36,7.21,43.82,Yes,None,0,Personal,Both,1,Online,Yes,yes
APP2140,63,Female,Divorced,3,Self-Employed,171319.61,551,13473.61,24,6.56,41.96,Yes,Land,1,Personal,Both,1,Branch,No,yes
APP2141,31,Male,Married,3,Employed,103119.64,802,18668.08,48,12.05,30.34,Yes,Apartment,1,Business,Savings,5,Agent,Yes,no
APP2142,54,Male,Divorced,1,Employed,138904.57,418,9185.78,36,12.44,19.32,Yes,Apartment,1,Car,Savings,3,Branch,Yes,yes
APP2143,35,Female,Divorced,1,Employed,89439.01,797,11474.06,48,3.99,43.81,No,House,2,Car,Both,1,Branch,No,no
APP2144,41,Male,Single,1,Employed,70131.27,785,9709.72,48,6.77,39.09,Yes,Apartment,0,Car,Checking,3,Branch,No,yes
APP2145,31,Female,Divorced,2,Self-Employed,130713.44,344,24032.46,24,6.85,49.23,No,Land,2,Business,Both,0,Agent,No,yes
APP2146,51,Female,Divorced,1,Employed,43648.65,613,40801.03,72,3.97,16.23,Yes,Apartment,3,Personal,Savings,1,Online,Yes,yes
APP2147,29,Female,Single,3,Self-Employed,84004.97,478,11362.26,72,12.38,19.03,Yes,None,3,Personal,Checking,0,Agent,Yes,yes
APP2148,39,Male,Married,2,Employed,53671.85,717,10864.42,72,11.19,18.47,No,Apartment,0,Car,Checking,2,Agent,Yes,yes
APP2149,23,Female,Single,4,Employed,143722.07,377,33954.3,60,4.47,41.7,Yes,Apartment,1,Car,Savings,3,Branch,Yes,yes
APP2150,53,Male,Single,0,Employed,189678.64,625,13873.23,12,6.77,17.48,Yes,None,0,Business,Both,2,Branch,Yes,yes
APP2151,62,Female,Married,1,Employed,199169.53,656,9392.45,60,3.38,12.67,Yes,Apartment,0,Home,None,1,Branch,No,yes
APP2152,53,Female,Divorced,4,Self-Employed,98301.21,715,12508.19,36,10.17,49.94,Yes,Apartment,0,Home,Both,0,Online,Yes,yes
APP2153,39,Female,Married,3,Self-Employed,61718.12,814,46567.91,60,3.58,10.99,Yes,House,2,Car,Both,1,Online,No,yes
APP2154,31,Male,Divorced,0,Self-Employed,96923.43,513,41966.21,36,14.82,43.41,Yes,Land,3,Business,Savings,2,Online,Yes,yes
APP2155,33,Male,Divorced,4,Unemployed,171744.84,373,20932.91,36,12.15,24.61,No,House,0,Car,Checking,1,Agent,No,yes
APP2156,53,Female,Married,0,Employed,53111.05,808,34511.93,12,7.07,43.66,No,Land,0,Home,Savings,5,Branch,Yes,yes
APP2157,42,Female,Single,1,Employed,191137.7,631,29177.41,24,9.52,32.18,No,None,0,Car,Both,4,Agent,Yes,yes
APP2158,49,Male,Married,3,Self-Employed,78245.17,392,35470.59,12,13.85,46.07,Yes,None,2,Home,None,2,Online,No,yes
APP2159,50,Male,Divorced,0,Unemployed,197373.68,818,35720.2,72,9.2,47.05,Yes,None,2,Home,None,1,Branch,Yes,yes
APP2160,62,Male,Married,4,Employed,170142.64,568,33293.03,72,4.27,10.36,Yes,Land,2,Home,None,0,Online,No,yes
APP2161,53,Female,Married,1,Self-Employed,164585.55,675,16974.56,60,6.92,13.02,No,Land,0,Personal,Savings,1,Branch,Yes,yes
APP2162,37,Male,Divorced,1,Employed,73812.36,303,6755.29,36,12.96,20.01,Yes,Land,1,Personal,Checking,0,Branch,Yes,yes
APP2163,35,Female,Single,4,Employed,16623.78,437,25500.51,48,10.37,36.77,No,None,1,Car,Savings,4,Agent,No,yes
APP2164,55,Male,Married,4,Self-Employed,85694.59,530,45093.82,48,10.46,45.53,Yes,Land,1,Home,None,1,Agent,Yes,yes
APP2165,20,Female,Divorced,0,Self-Employed,70834.73,828,30627.38,36,13.27,28.4,Yes,Apartment,3,Personal,Both,4,Online,No,yes
APP2166,40,Female,Divorced,2,Employed,21918.44,351,42457.6,12,13.62,34.28,Yes,House,0,Car,Checking,2,Agent,Yes,yes
APP2167,49,Female,Married,1,Employed,108492.57,624,49623.1,24,13.96,17.54,No,None,1,Car,Savings,0,Agent,Yes,yes
APP2168,62,Male,Single,0,Self-Employed,89560.79,576,12362.73,12,3.23,42.2,Yes,House,1,Car,Savings,5,Agent,Yes,yes
APP2169,33,Male,Married,4,Employed,132392.95,835,36129.99,36,9.07,48.69,No,Apartment,1,Car,Checking,2,Branch,Yes,yes
APP2170,22,Male,Single,0,Employed,129919.47,785,35343.21,36,11.63,20.74,Yes,Land,0,Car,Checking,0,Agent,Yes,no
APP2171,21,Female,Single,4,Self-Employed,37338.13,815,49098,24,11.84,29.79,Yes,House,1,Business,Both,4,Online,Yes,yes
APP2172,38,Female,Single,3,Employed,195738.63,451,49352.03,60,9.89,13.44,No,Apartment,1,Home,Checking,3,Branch,Yes,yes
APP2173,57,Male,Single,4,Employed,49582.31,782,35900.54,60,4.17,32.37,Yes,Apartment,0,Car,Both,1,Branch,No,yes
APP2174,68,Female,Married,4,Unemployed,97375.69,558,15962.67,24,12.37,30.11,Yes,House,3,Business,None,4,Agent,Yes,yes
APP2175,31,Female,Divorced,4,Self-Employed,105301.75,623,40935.01,60,11.36,15.78,Yes,None,2,Home,None,0,Branch,Yes,no
APP2176,56,Female,Divorced,2,Unemployed,165416.62,467,9816.31,48,3.12,27.68,Yes,House,1,Personal,Savings,0,Online,Yes,yes
APP2177,48,Male,Divorced,4,Unemployed,33357.48,609,40131.47,60,8.03,23.36,No,None,2,Car,None,0,Online,No,yes
APP2178,31,Female,Divorced,1,Unemployed,94299.19,778,45958.83,60,4.26,30.87,No,Land,3,Business,None,0,Branch,No,yes
APP2179,23,Male,Divorced,1,Employed,131272.9,355,22227.5,60,6.39,33.43,Yes,None,3,Personal,Both,1,Agent,Yes,no
APP2180,29,Male,Divorced,0,Employed,54803.79,772,33378.59,48,2.24,10.34,Yes,Land,1,Business,Savings,2,Agent,Yes,yes
APP2181,33,Male,Married,2,Unemployed,131081.56,595,24356.42,60,7.2,40.44,No,House,0,Home,Checking,5,Branch,Yes,no
APP2182,34,Male,Single,0,Unemployed,185877.99,760,24699.43,72,9.15,38.52,Yes,Land,3,Home,Savings,3,Online,No,yes
APP2183,62,Male,Divorced,1,Unemployed,199540.85,623,18966.69,48,10.05,24.65,No,Apartment,2,Personal,None,1,Branch,Yes,yes
APP2184,40,Female,Married,1,Employed,21003.45,440,39295.83,24,10.63,12.12,Yes,Land,2,Business,Checking,0,Agent,No,yes
APP2185,31,Male,Divorced,3,Unemployed,58583.82,561,47127.95,12,12.87,40.2,No,None,2,Car,Savings,1,Agent,Yes,yes
APP2186,24,Male,Divorced,4,Unemployed,72406.82,719,47333.79,24,4.8,48.21,No,None,2,Car,Savings,4,Branch,No,yes
APP2187,63,Male,Single,1,Self-Employed,88838.33,540,12865.16,12,3.57,19.61,No,None,3,Personal,Savings,5,Online,No,yes
APP2188,49,Female,Single,0,Self-Employed,59817.57,654,44363.46,24,13.07,22.94,No,Land,1,Personal,Savings,0,Branch,Yes,no
APP2189,32,Female,Single,0,Employed,52645.28,479,38184.41,72,4.04,17.35,Yes,None,1,Personal,Both,3,Online,Yes,yes
APP2190,61,Female,Divorced,4,Self-Employed,191592.46,365,16377.68,12,14.67,33.08,Yes,None,2,Business,Savings,0,Online,Yes,yes
APP2191,34,Female,Divorced,4,Self-Employed,184926.5,647,8027.81,12,12.95,16.19,No,Apartment,1,Car,None,5,Branch,Yes,yes
APP2192,58,Male,Divorced,3,Self-Employed,23693.61,470,17059.88,36,8.51,24.25,No,Land,2,Car,None,3,Branch,Yes,yes
APP2193,64,Male,Single,2,Employed,77680.41,773,46049.37,12,14.76,37.88,No,Apartment,2,Car,Both,5,Online,Yes,yes
APP2194,61,Female,Married,0,Self-Employed,89952.48,833,33493.04,12,3.27,32.4,No,None,0,Personal,Checking,3,Online,Yes,yes
APP2195,51,Female,Divorced,4,Employed,59217.69,666,37447.46,36,5.94,25.46,Yes,None,3,Car,Checking,2,Online,No,yes
APP2196,22,Female,Divorced,0,Unemployed,131341.49,406,16571.86,60,10.3,26.81,No,None,3,Home,None,2,Online,Yes,yes
APP2197,62,Female,Divorced,4,Self-Employed,133470.44,738,37372.47,60,6.55,32.48,No,Land,2,Personal,None,1,Agent,Yes,no
APP2198,44,Male,Married,1,Employed,172343.28,526,6265.47,36,14.07,10.23,No,House,3,Car,Both,1,Branch,No,yes
APP2199,69,Female,Divorced,0,Self-Employed,152060.81,743,21889.46,48,2.85,13.14,No,None,1,Business,Checking,3,Online,Yes,yes
APP2200,40,Female,Married,1,Unemployed,115376.07,741,33203.9,12,9.14,45.25,No,None,2,Personal,Checking,0,Branch,Yes,yes
APP2201,57,Female,Divorced,0,Employed,135913.55,695,11574.35,12,9.68,13.12,No,None,0,Home,Savings,4,Online,Yes,yes
APP2202,31,Female,Married,2,Employed,65687.92,383,42035.16,36,10.49,38.27,No,None,1,Home,Savings,4,Branch,Yes,no
APP2203,32,Female,Divorced,3,Employed,124715.4,312,15576.41,36,5.32,46.8,Yes,Land,0,Business,Savings,0,Branch,No,yes
APP2204,60,Female,Single,1,Unemployed,105507.04,792,34352.65,48,6.74,20.83,No,House,0,Business,Both,0,Online,No,yes
APP2205,50,Female,Single,4,Unemployed,39668.73,567,23233.87,72,12.97,24.82,No,House,3,Personal,None,2,Online,Yes,no
APP2206,48,Male,Single,2,Unemployed,59870.69,824,31821.96,60,4.53,32.76,No,House,3,Personal,Both,4,Branch,Yes,yes
APP2207,52,Male,Single,0,Employed,68963.29,419,9835.27,24,12.75,45.27,Yes,None,2,Home,Checking,3,Branch,No,yes
APP2208,34,Male,Divorced,1,Unemployed,185997.27,652,5761.08,72,9.31,47.68,Yes,None,3,Business,None,5,Branch,Yes,yes
APP2209,45,Male,Single,0,Self-Employed,57621.53,356,45930.4,60,11.91,39.58,Yes,House,0,Personal,Savings,1,Agent,No,yes
APP2210,36,Male,Married,0,Unemployed,68510.12,339,17133.35,12,11.28,13.46,No,House,0,Home,Both,5,Online,No,yes
APP2211,63,Male,Single,0,Employed,83330.51,635,41885.47,72,4.7,36.77,No,None,1,Business,Both,2,Agent,No,yes
APP2212,40,Female,Single,3,Self-Employed,137792.41,472,49970.76,36,9.39,26.41,No,None,0,Home,Savings,4,Agent,Yes,no
APP2213,49,Female,Single,3,Unemployed,36874.1,846,14514.41,48,13.28,28.83,Yes,Apartment,2,Car,Both,0,Online,Yes,yes
APP2214,57,Male,Divorced,4,Self-Employed,191479.86,558,16932.68,60,7.62,11.97,No,Apartment,2,Business,Savings,4,Online,Yes,yes
APP2215,30,Female,Single,1,Self-Employed,175130.68,816,34828.69,48,14.57,17.64,Yes,Apartment,3,Personal,Checking,3,Agent,No,yes
APP2216,37,Male,Married,2,Employed,121784.97,822,48445.19,60,7.88,41.62,Yes,House,3,Personal,None,2,Online,Yes,yes
APP2217,52,Female,Single,2,Self-Employed,139697.01,416,46211.65,72,3.86,28.16,Yes,Land,3,Car,Checking,0,Branch,Yes,yes
APP2218,22,Female,Single,2,Self-Employed,18082.19,483,27629.4,12,7.06,22.07,Yes,None,2,Business,Checking,5,Branch,No,yes
APP2219,26,Female,Single,0,Employed,77704.78,415,40779.96,24,14.37,25.36,Yes,Apartment,0,Home,Savings,3,Agent,Yes,yes
APP2220,46,Female,Married,3,Employed,162197.14,461,11108.56,48,6.16,44.18,No,Land,3,Personal,Both,5,Agent,Yes,yes
APP2221,23,Female,Single,1,Employed,29334.35,842,48984.72,48,13.29,39.96,No,None,1,Car,Checking,1,Online,Yes,no
APP2222,42,Female,Married,0,Self-Employed,67228.06,536,48395.9,24,13.46,20.89,Yes,Land,3,Car,Checking,2,Online,No,no
APP2223,48,Male,Married,3,Self-Employed,123279.91,365,12367.8,48,6.55,14.7,No,House,2,Business,Checking,3,Agent,Yes,yes
APP2224,39,Male,Single,3,Self-Employed,62436.41,369,18474.04,48,3.08,20.08,No,House,3,Business,Both,3,Agent,No,yes
APP2225,19,Female,Married,1,Employed,187785.93,746,9506.97,60,11.42,46.83,Yes,House,0,Personal,Both,5,Branch,No,yes
APP2226,62,Male,Divorced,1,Unemployed,39245.85,715,17227.29,60,6.05,33.26,Yes,Apartment,3,Car,Savings,0,Branch,No,yes
APP2227,22,Female,Single,1,Self-Employed,162517.96,831,41718.01,24,12.18,31.34,No,None,2,Home,Checking,1,Online,Yes,yes
APP2228,44,Male,Single,0,Unemployed,108970.51,740,22024.2,12,7.75,33.86,No,House,2,Car,None,5,Branch,Yes,yes
APP2229,42,Female,Married,4,Employed,153811.19,763,8977.86,72,8.31,24.64,No,Apartment,1,Home,Both,3,Online,Yes,yes
APP2230,25,Male,Married,1,Self-Employed,72482.34,695,20400.15,72,12.11,42.28,No,Apartment,2,Home,Savings,2,Online,No,yes
APP2231,18,Female,Single,4,Unemployed,110180.58,694,49162.25,48,6.97,30.93,Yes,Apartment,1,Personal,Checking,3,Online,No,no
APP2232,37,Male,Divorced,0,Self-Employed,173514.54,625,33335.76,12,7.76,14.67,No,Apartment,0,Car,None,4,Branch,Yes,yes
APP2233,61,Female,Married,4,Self-Employed,101372.45,390,23727.24,24,6.89,15.16,Yes,House,2,Home,Both,2,Agent,No,yes
APP2234,40,Male,Married,2,Self-Employed,81548.17,369,12494.23,24,6.78,31.47,Yes,Apartment,3,Business,None,2,Agent,Yes,yes
APP2235,49,Female,Divorced,4,Unemployed,114188.75,465,49377.96,60,8.84,47.46,No,House,0,Home,Both,3,Branch,Yes,yes
APP2236,28,Female,Divorced,1,Employed,147712.11,513,41938.21,48,12.51,22.33,No,House,3,Business,Savings,0,Agent,Yes,yes
APP2237,56,Female,Single,0,Self-Employed,97059.22,634,17666.48,36,6.7,44.78,No,Apartment,3,Business,None,2,Online,Yes,yes
APP2238,64,Male,Divorced,1,Employed,188692.24,668,8153.09,24,8.82,40.56,Yes,House,3,Car,Checking,4,Agent,Yes,no
APP2239,41,Male,Single,2,Employed,69564.98,348,7548.15,48,10.72,19.91,Yes,None,0,Business,Checking,5,Branch,Yes,yes
APP2240,28,Male,Divorced,1,Unemployed,102960.77,351,10417.02,12,5.5,11.45,Yes,None,0,Home,Both,0,Agent,Yes,yes
APP2241,46,Female,Married,1,Unemployed,155031.62,588,31134.59,60,5.61,14.07,Yes,Land,2,Business,Checking,0,Online,No,yes
APP2242,43,Male,Single,1,Employed,142487.4,538,46794.35,72,14.13,39.14,No,None,3,Car,None,0,Online,Yes,yes
APP2243,33,Female,Single,3,Self-Employed,174773.59,432,27353.45,12,11.41,17.99,Yes,House,1,Personal,Savings,2,Branch,No,yes
APP2244,52,Male,Single,2,Unemployed,199409.7,465,42932.55,24,9.5,24.85,Yes,House,2,Home,Both,0,Branch,No,yes
APP2245,37,Male,Divorced,1,Self-Employed,93968.79,673,25064.9,24,10.42,30.07,No,None,0,Home,None,3,Branch,Yes,yes
APP2246,63,Male,Married,1,Self-Employed,35562.91,672,36886.26,12,2.38,39.02,Yes,Apartment,1,Car,Both,0,Online,No,yes
APP2247,20,Male,Single,1,Self-Employed,20626.94,777,37934.27,24,10.04,14.53,Yes,Apartment,0,Car,Savings,4,Agent,No,yes
APP2248,18,Female,Single,0,Employed,149472.23,778,12828.37,48,8.62,26.25,No,House,1,Car,Both,1,Agent,No,yes
APP2249,64,Male,Single,3,Self-Employed,176692.53,599,21254.72,24,9.09,29.4,Yes,Apartment,2,Car,Checking,4,Branch,Yes,no
APP2250,18,Male,Single,0,Employed,55831.83,381,33678.6,60,6.67,31.63,Yes,Land,1,Home,Checking,2,Agent,Yes,yes
APP2251,34,Female,Married,3,Employed,44312.89,386,8181.35,48,3.06,42.73,Yes,Land,2,Personal,Both,0,Agent,Yes,yes
APP2252,19,Female,Divorced,1,Self-Employed,26507.94,524,21269.31,36,4.51,16.87,Yes,None,0,Business,Savings,0,Branch,Yes,no
APP2253,46,Male,Married,2,Self-Employed,167200.04,315,29065.98,24,14.36,42.31,No,None,1,Business,Savings,3,Branch,Yes,yes
APP2254,37,Male,Single,4,Self-Employed,72605.66,657,49830.1,24,7.31,37.72,Yes,Apartment,3,Personal,Checking,5,Online,No,yes
APP2255,23,Female,Married,4,Self-Employed,89313.93,462,26354.01,60,8.07,32.23,No,House,3,Personal,Savings,0,Online,No,yes
APP2256,25,Female,Single,1,Employed,108008.79,813,41722.55,60,2.69,37.98,Yes,None,0,Personal,Both,4,Online,Yes,yes
APP2257,46,Female,Divorced,0,Self-Employed,170298.85,649,24443.03,72,2.49,26.48,No,Land,1,Car,None,2,Online,No,yes
APP2258,65,Male,Divorced,2,Self-Employed,135404.15,763,40837.58,12,11.32,15.54,No,None,3,Home,Both,1,Agent,No,yes
APP2259,68,Male,Divorced,3,Employed,128786.96,674,31793.67,12,9,36.63,No,None,2,Home,Checking,0,Agent,No,no
APP2260,50,Male,Single,1,Unemployed,47499.34,391,44896.79,12,8.61,30.99,Yes,Land,1,Home,Checking,1,Online,No,yes
APP2261,20,Female,Married,2,Unemployed,109940.13,480,23492.41,60,5.16,35.57,Yes,House,1,Car,Checking,0,Online,Yes,no
APP2262,52,Female,Divorced,2,Employed,147345.49,600,32193.7,12,11.68,23.52,Yes,None,3,Home,Savings,2,Branch,Yes,yes
APP2263,22,Female,Single,3,Unemployed,195053.26,488,33350.84,12,4.19,46.27,No,None,2,Car,Both,5,Agent,Yes,yes
APP2264,44,Male,Single,2,Employed,52260.17,613,23782.23,36,4.47,33.49,Yes,None,2,Home,None,4,Agent,No,yes
APP2265,61,Female,Married,0,Self-Employed,16765.52,792,11494.04,12,7.99,13.42,Yes,Apartment,2,Personal,Both,2,Online,No,yes
APP2266,29,Male,Divorced,0,Self-Employed,28930.77,427,9210.17,24,5.72,27.99,Yes,None,1,Business,None,1,Agent,Yes,yes
APP2267,37,Female,Single,0,Unemployed,84532.71,818,5750.22,72,5.22,40.25,Yes,Land,0,Business,Both,0,Branch,Yes,yes
APP2268,62,Male,Married,2,Self-Employed,166800.76,725,44309.04,60,10.39,41.77,No,House,1,Car,Checking,1,Branch,No,yes
APP2269,37,Male,Divorced,0,Unemployed,16321.29,486,15641.37,48,10.46,29.78,No,House,1,Home,None,4,Agent,Yes,yes
APP2270,26,Female,Married,3,Unemployed,99495.16,849,14517.8,72,12.72,45.79,Yes,Land,3,Business,Both,2,Online,Yes,yes
APP2271,56,Male,Married,2,Self-Employed,75907.66,752,38121.59,36,7.43,20.71,Yes,Apartment,0,Personal,Savings,1,Agent,No,no
APP2272,21,Female,Single,4,Self-Employed,24709.12,770,19400.73,60,2.95,26.42,Yes,Land,2,Personal,Savings,1,Branch,No,yes
APP2273,68,Male,Single,2,Unemployed,98293.71,523,27772.01,60,5.56,45.94,No,House,3,Personal,Both,4,Online,Yes,yes
APP2274,36,Female,Single,3,Self-Employed,62128.51,453,12313,24,14.74,45.85,Yes,Land,1,Car,Checking,0,Agent,No,no
APP2275,55,Female,Married,4,Employed,80098.69,650,48188.56,72,9.75,37.43,No,Apartment,0,Car,None,1,Online,Yes,yes
APP2276,44,Male,Single,2,Self-Employed,145538.83,446,43321.16,72,11.23,44.36,No,House,2,Home,Both,4,Online,No,yes
APP2277,62,Female,Married,0,Self-Employed,111486.93,648,43870.53,12,2.1,13.55,Yes,Apartment,2,Personal,Savings,0,Branch,No,yes
APP2278,60,Male,Married,1,Employed,38059.77,481,23304.82,24,8.74,44.6,Yes,Land,1,Home,None,5,Online,Yes,yes
APP2279,30,Female,Single,1,Self-Employed,192861.69,478,39306.25,12,2.49,22.82,Yes,None,2,Home,Savings,0,Agent,No,yes
APP2280,30,Female,Divorced,0,Self-Employed,132643.49,338,11474.43,12,9.4,17.13,No,Land,2,Personal,Savings,5,Online,Yes,yes
APP2281,39,Female,Divorced,1,Unemployed,156685.66,302,5387.86,60,13.97,19.57,No,Apartment,0,Home,Both,2,Online,No,no
APP2282,45,Female,Divorced,1,Self-Employed,29654.43,363,5898.78,72,14.59,26.72,Yes,Land,3,Business,Savings,4,Agent,Yes,yes
APP2283,69,Male,Married,0,Self-Employed,23705.8,328,31397.08,12,9.03,20.05,No,None,0,Car,None,0,Branch,No,yes
APP2284,64,Female,Married,0,Employed,18597.89,671,25492.77,36,7.96,22.82,Yes,Apartment,3,Home,Checking,5,Branch,No,yes
APP2285,62,Female,Married,2,Unemployed,49926.9,822,28310.69,36,14.29,15.4,Yes,Land,3,Personal,Both,5,Agent,Yes,yes
APP2286,39,Male,Single,2,Unemployed,91665.55,396,5335.84,72,10.76,21.85,No,Apartment,3,Car,None,2,Agent,No,yes
APP2287,60,Male,Married,0,Unemployed,188127.83,741,24020.9,36,2.84,32.89,No,Apartment,2,Car,Both,3,Branch,Yes,yes
APP2288,36,Male,Single,3,Self-Employed,99556.04,502,37313.07,60,8.05,27.67,No,House,0,Home,Savings,4,Online,No,yes
APP2289,25,Male,Single,1,Unemployed,68697.19,710,24921.22,24,5.12,23.87,No,House,2,Business,Savings,3,Agent,No,yes
APP2290,69,Male,Divorced,2,Employed,118958.02,320,37949.86,48,8.11,39.86,Yes,Apartment,1,Home,None,0,Online,Yes,yes
APP2291,25,Male,Divorced,1,Unemployed,35707.9,401,15485.85,12,7.92,45.74,Yes,Land,0,Business,None,4,Agent,No,yes
APP2292,59,Female,Divorced,4,Employed,127758.59,345,41591.39,48,9.57,40.27,Yes,Land,3,Car,Checking,2,Branch,No,no
APP2293,43,Male,Single,0,Unemployed,120159.91,365,31479.41,24,6.64,23.28,No,Land,2,Home,None,0,Online,Yes,yes
APP2294,65,Female,Single,3,Unemployed,161518.71,463,14484.34,24,4.14,39.78,Yes,None,2,Personal,None,4,Online,No,no
APP2295,68,Male,Single,4,Employed,197537.21,410,15652.42,60,8.55,16.08,No,Apartment,0,Home,Both,4,Agent,Yes,yes
APP2296,43,Female,Married,4,Unemployed,61411.59,637,33261.37,36,12.79,15.21,No,Apartment,0,Business,Savings,3,Online,Yes,no
APP2297,40,Female,Single,4,Unemployed,109286.44,422,42347.28,36,10.63,23.83,No,None,3,Business,None,0,Agent,Yes,yes
APP2298,60,Female,Divorced,0,Unemployed,183140.1,746,23703.25,24,6.4,42.31,Yes,Apartment,3,Home,Checking,2,Branch,No,yes
APP2299,30,Male,Divorced,2,Self-Employed,160260.13,590,16623.52,60,14.16,19.85,No,Apartment,1,Business,None,2,Online,No,yes
APP300000,26,Female,Single,1,Self-Employed,64589.15,445,46625.09,48,10.47,10.83,No,House,2,Car,Checking,1,Branch,Yes,yes
APP300001,55,Male,Divorced,2,Employed,90614.07,437,33175.85,60,7.69,40.67,No,Land,0,Car,Both,0,Online,No,no
APP300002,44,Male,Divorced,4,Unemployed,148429.98,608,38207.12,24,3.41,37.49,No,None,3,Personal,Both,4,Branch,Yes,yes
APP300003,54,Male,Married,1,Employed,146397.4,550,29592.36,12,2.81,45.94,Yes,Apartment,0,Car,Both,1,Online,No,yes
APP300004,35,Male,Married,1,Unemployed,173471,805,41501.18,48,8.37,29.32,Yes,Land,1,Home,Both,0,Agent,No,yes
APP300005,59,Female,Single,3,Employed,185212.51,768,40030.4,24,8.74,24.5,No,Land,0,Business,Both,0,Online,Yes,yes
APP300006,64,Female,Divorced,2,Unemployed,171606.84,462,44364.24,12,6.82,37.78,No,House,0,Car,Checking,0,Online,Yes,yes
APP300007,61,Male,Single,4,Unemployed,180951.26,682,17770.4,12,12.56,36.45,Yes,Apartment,1,Home,Both,4,Branch,Yes,yes
APP300008,41,Male,Married,4,Employed,135443.31,800,32944,12,3.32,44.17,No,None,3,Business,None,0,Agent,No,yes
APP300009,22,Male,Married,1,Unemployed,126568.6,339,24841.88,60,3.93,34.02,Yes,Land,1,Business,None,4,Branch,No,yes
APP300010,43,Male,Married,0,Self-Employed,181260.79,484,17920.85,48,9.3,46.87,Yes,Apartment,4,Car,None,1,Branch,No,yes
APP300011,40,Male,Single,1,Employed,179409.85,625,25597.27,60,6.9,15.77,Yes,None,2,Business,None,1,Branch,No,yes
APP300012,54,Male,Divorced,3,Employed,97059.41,476,47613.4,12,9.28,21.59,Yes,Land,2,Business,Checking,0,Branch,No,no
APP300013,45,Female,Divorced,4,Employed,151182.43,466,35746.29,60,9.3,24.15,Yes,Land,1,Personal,None,2,Branch,No,no
APP300014,46,Male,Married,4,Self-Employed,188764.82,753,26690.86,48,5.54,34.41,No,None,0,Home,Checking,2,Agent,No,yes
APP300015,22,Female,Single,3,Employed,140930.32,497,25617.88,36,13.03,19.19,No,Land,2,Car,Checking,2,Online,Yes,no
APP300016,39,Female,Divorced,4,Unemployed,21120.92,470,25462.49,60,10.7,40.09,Yes,Land,3,Car,None,3,Online,No,yes
APP300017,31,Female,Married,0,Unemployed,171041.35,764,5901.86,48,14.04,49.1,Yes,House,3,Business,Both,4,Branch,No,yes
APP300018,31,Female,Divorced,3,Employed,65869.63,834,20182.46,60,11.11,47.09,Yes,None,0,Home,Both,3,Online,No,no
APP300019,21,Male,Single,2,Employed,73971.4,336,28784.53,36,13.57,39.51,Yes,None,0,Business,None,5,Branch,No,no
APP300020,56,Male,Divorced,3,Unemployed,114703.96,489,37143.3,36,7.5,48.51,Yes,Apartment,2,Business,Checking,5,Agent,No,yes
APP300021,23,Female,Divorced,4,Self-Employed,153771.67,775,38225.75,36,2.75,16.1,No,Land,3,Home,Checking,1,Agent,No,yes
APP300022,46,Male,Divorced,1,Self-Employed,146459.3,493,6288.15,36,5.99,12.25,No,House,3,Home,None,0,Agent,Yes,yes
APP300023,60,Male,Married,0,Employed,155004.64,401,33138.64,36,10.5,38.83,No,Land,3,Personal,Both,2,Online,Yes,yes
APP300024,44,Male,Married,2,Employed,165112.68,840,14106.17,24,14.26,44.52,Yes,Land,3,Business,None,1,Branch,Yes,no
APP300025,61,Female,Married,3,Unemployed,131533.5,523,45204.35,36,5.25,45.59,Yes,None,2,Business,None,0,Branch,No,yes
APP300026,32,Female,Single,4,Unemployed,171846.16,335,32186.66,36,5.45,13.01,Yes,House,3,Home,Checking,4,Online,Yes,yes
APP300027,36,Male,Single,2,Employed,106403.35,553,34768.48,12,5.5,39.07,No,Land,0,Car,Savings,1,Branch,No,yes
APP300028,38,Female,Married,1,Self-Employed,111178.35,391,33213.25,12,13.9,23.24,Yes,Land,2,Car,Checking,4,Branch,No,yes
APP300029,48,Male,Divorced,2,Employed,154336.81,325,20314.7,48,2.55,34.81,Yes,Apartment,2,Car,Savings,4,Online,No,yes
APP300030,25,Female,Divorced,1,Employed,89751.55,368,18392.59,12,9.8,29.89,Yes,House,2,Car,Checking,5,Branch,Yes,yes
APP300031,52,Female,Married,4,Self-Employed,23603.02,516,24350.28,24,3.47,23.65,No,Apartment,2,Business,Savings,1,Online,No,yes
APP300032,43,Male,Married,1,Unemployed,115209.46,448,40025.34,48,2.89,38.84,No,Apartment,3,Personal,Checking,0,Branch,No,yes
APP300033,30,Male,Divorced,4,Unemployed,73216.14,339,16271.05,48,3.79,45.75,No,Land,2,Personal,Savings,2,Online,Yes,yes
APP300034,46,Female,Single,0,Unemployed,173542.94,708,12162.48,60,7.24,41.53,No,Apartment,1,Car,Savings,0,Branch,Yes,no
APP300035,51,Female,Divorced,3,Employed,147930.94,335,48014.68,12,11.19,47.01,No,House,4,Personal,None,4,Agent,Yes,no
APP300036,52,Male,Married,0,Employed,76725.84,368,9718.63,12,6.47,20.77,Yes,None,4,Car,Checking,0,Online,Yes,no
APP300037,61,Female,Married,1,Employed,91792.71,302,16570.17,48,4.68,39.04,Yes,Land,2,Personal,None,2,Online,Yes,no
APP300038,64,Female,Single,4,Self-Employed,194994.73,424,9440.92,24,9.55,37.75,No,Apartment,0,Home,None,1,Online,No,yes
APP300039,47,Male,Divorced,2,Unemployed,97074.86,409,20576.98,24,10.93,31.2,Yes,None,4,Home,Checking,1,Agent,No,yes
APP300040,60,Male,Divorced,4,Unemployed,185471.31,831,32052.76,48,4.69,38.41,Yes,None,2,Business,Checking,4,Branch,No,yes
APP300041,60,Male,Married,0,Employed,155648.91,791,37475.75,36,6.06,48.32,Yes,Apartment,0,Personal,None,0,Online,No,no
APP300042,56,Female,Married,2,Self-Employed,143368.41,532,20228.09,36,7.95,30.68,No,House,4,Car,Savings,2,Online,No,no
APP300043,54,Male,Married,3,Self-Employed,74046.79,375,46407.34,12,10.4,32.68,Yes,Apartment,0,Home,Savings,4,Online,No,yes
APP300044,35,Female,Married,1,Unemployed,38352.42,372,19422.2,24,12.11,26.49,Yes,House,2,Car,Checking,4,Branch,Yes,yes
APP300045,50,Female,Married,4,Unemployed,174092.02,786,26017.91,60,3.67,44.8,Yes,Apartment,4,Car,None,3,Branch,No,yes
APP300046,25,Male,Single,1,Employed,92080,483,14722.07,24,13.44,23.09,Yes,House,3,Business,Checking,5,Online,No,yes
APP300047,48,Female,Married,4,Employed,185358.36,615,23594.61,60,11.81,15.39,Yes,None,2,Personal,None,0,Online,Yes,yes
APP300048,56,Male,Divorced,4,Employed,132442.88,718,20484.31,60,13.54,38.46,Yes,Land,3,Car,None,3,Branch,Yes,yes
APP300049,37,Male,Divorced,3,Self-Employed,96829.38,625,8981.34,36,11.91,40.61,No,Land,1,Home,None,2,Branch,Yes,yes
APP300050,28,Male,Single,1,Unemployed,184520.28,683,44581.75,12,4.27,36.68,No,Land,3,Car,Savings,3,Online,No,yes
APP300051,31,Male,Single,0,Unemployed,86151.37,790,34039.58,12,14.01,18.78,No,None,3,Business,None,0,Branch,Yes,yes
APP300052,60,Male,Divorced,0,Unemployed,64402.65,658,29161.25,36,7.29,17.67,No,None,2,Business,Checking,4,Agent,No,yes
APP300053,26,Female,Single,1,Self-Employed,28637.89,434,35427.82,36,10.38,25.62,No,Land,3,Business,Savings,5,Online,Yes,yes
APP300054,38,Male,Married,0,Employed,99666.01,566,16826.5,60,13.55,27.94,Yes,House,3,Business,None,1,Branch,Yes,yes
APP300055,53,Male,Divorced,4,Employed,69825.37,628,36838.6,24,8.54,26.21,No,None,1,Car,Savings,1,Branch,No,yes
APP300056,45,Female,Married,1,Self-Employed,56602.16,694,37130.65,36,5.46,21.05,Yes,House,1,Business,Checking,5,Branch,Yes,yes
APP300057,63,Male,Single,0,Employed,142465.3,305,48886.5,36,5.13,31.19,Yes,Apartment,1,Personal,None,2,Online,Yes,yes
APP300058,32,Male,Divorced,4,Employed,85621.39,340,35131.96,36,10.84,13.7,No,House,2,Home,Savings,1,Branch,Yes,no
APP300059,33,Male,Single,4,Unemployed,93364.52,708,31774.69,60,13.6,29.68,Yes,House,1,Personal,Savings,4,Agent,Yes,yes
APP300060,62,Female,Married,3,Unemployed,189743.48,565,36395.77,24,12.47,33.17,Yes,None,2,Personal,None,1,Online,No,yes
APP300061,22,Male,Single,0,Self-Employed,105811.32,408,47405.84,48,12.75,29.98,Yes,Apartment,3,Car,Checking,4,Online,Yes,yes
APP300062,37,Male,Single,4,Employed,20390.61,318,10375.62,48,9.39,40.64,No,House,1,Personal,Checking,5,Agent,Yes,no
APP300063,22,Female,Divorced,3,Unemployed,154989.63,582,23284.47,24,5.9,17.85,Yes,House,0,Business,Checking,3,Online,Yes,yes
APP300064,30,Male,Divorced,0,Self-Employed,158592.85,395,16402.24,12,14.84,38.88,No,None,0,Personal,Both,5,Agent,No,yes
APP300065,31,Female,Divorced,2,Self-Employed,196303.88,515,12944.14,36,7.05,46.73,Yes,House,0,Personal,Both,2,Online,Yes,no
APP300066,57,Female,Married,4,Employed,155824.26,556,35036.82,48,3.47,39.65,No,House,4,Car,Checking,0,Branch,No,no
APP300067,31,Male,Single,1,Employed,191076.69,740,15462.46,12,11.39,15.82,No,House,4,Home,None,5,Agent,No,yes
APP300068,53,Female,Married,3,Self-Employed,199592.72,550,24447.04,12,9.92,23.23,Yes,None,1,Personal,None,0,Online,No,yes
APP300069,27,Female,Divorced,1,Unemployed,164013.73,686,48177.37,24,8.19,24.17,No,House,4,Business,Both,2,Online,Yes,yes
APP300070,30,Female,Single,1,Unemployed,101260.31,318,12556.82,60,4.69,33.27,No,Apartment,0,Personal,Both,4,Online,Yes,yes
APP300071,37,Female,Married,3,Self-Employed,113090,760,10600.77,12,7.58,41.69,Yes,Land,1,Car,Savings,4,Online,No,yes
APP300072,54,Female,Married,3,Self-Employed,28120.01,633,42398.29,24,2.55,35.72,No,Land,2,Car,Both,5,Branch,No,yes
APP300073,54,Female,Divorced,4,Unemployed,171577.06,787,16385.78,12,7.05,38,Yes,Apartment,3,Home,Savings,0,Branch,No,yes
APP300074,63,Male,Single,1,Employed,39359.49,450,48175.02,60,14.79,21.14,No,House,1,Business,Savings,4,Agent,Yes,no
APP300075,56,Male,Divorced,2,Unemployed,37549.43,611,16387.14,60,13.82,19.82,Yes,House,1,Home,None,4,Online,Yes,yes
APP300076,23,Female,Divorced,1,Unemployed,141263.16,445,7981.98,48,9.94,46.34,No,Apartment,1,Business,Savings,4,Agent,No,yes
APP300077,38,Female,Divorced,4,Unemployed,39551.72,819,43081.18,36,6.79,32.47,No,House,1,Personal,Both,4,Branch,No,yes
APP300078,47,Female,Divorced,2,Unemployed,181792.21,772,10386.53,24,7.44,17.32,No,None,0,Home,Savings,0,Online,Yes,no
APP300079,25,Female,Single,1,Employed,40081.91,504,24044.42,36,9.54,18.41,No,Land,4,Car,Savings,0,Agent,No,yes
APP300080,38,Female,Divorced,2,Employed,189858.44,788,43842.23,12,8.34,46.99,No,Apartment,0,Business,Both,4,Online,No,no
APP300081,31,Male,Single,3,Employed,25567.5,532,48231.39,12,14.05,42.71,Yes,None,2,Personal,Both,1,Online,Yes,yes
APP300082,56,Female,Single,2,Employed,67522.84,471,37420.8,48,10.79,29.52,No,House,0,Car,None,3,Online,Yes,yes
APP300083,43,Female,Divorced,1,Unemployed,115066.49,498,36685.53,12,10.23,15.43,Yes,None,4,Car,Savings,2,Agent,No,yes
APP300084,30,Female,Married,1,Employed,111566.62,545,40154.25,48,6.72,49.85,Yes,Land,3,Car,Savings,3,Online,Yes,yes
APP300085,56,Female,Divorced,2,Self-Employed,88140.79,703,20306.6,48,4.76,45.59,No,Land,3,Car,Savings,5,Agent,No,yes
APP300086,39,Male,Single,3,Employed,165417.49,400,44426.35,48,11.06,24.99,Yes,Apartment,1,Home,Checking,4,Online,No,no
APP300087,21,Female,Married,1,Unemployed,23779.91,833,24288.62,36,10.16,42.34,No,None,3,Personal,Savings,2,Agent,Yes,yes
APP300088,56,Female,Divorced,1,Self-Employed,119189.6,577,46421.49,12,9.23,34.97,Yes,None,2,Personal,None,1,Online,Yes,no
APP300089,21,Male,Married,1,Unemployed,99258.55,701,33137.93,12,11.2,22.34,No,Land,4,Home,Both,0,Online,Yes,yes
APP300090,53,Female,Divorced,0,Employed,106285.12,647,30200.87,48,7.5,46,Yes,Land,2,Business,Both,3,Agent,No,yes
APP300091,30,Female,Divorced,0,Self-Employed,141940.84,399,11376.21,24,11.92,12.77,Yes,Apartment,3,Car,Checking,3,Agent,Yes,yes
APP300092,47,Female,Married,4,Unemployed,51999.92,721,36187.06,60,8.58,47.61,Yes,House,0,Home,None,5,Branch,Yes,yes
APP300093,43,Female,Single,4,Self-Employed,129861.81,746,42819.84,48,5.75,12.93,Yes,None,2,Business,Savings,3,Online,Yes,yes
APP300094,27,Female,Single,0,Self-Employed,142290.91,495,42503.01,12,6.7,11.25,No,None,0,Business,Both,2,Online,Yes,no
APP300095,43,Female,Divorced,2,Self-Employed,90191.35,530,23893.18,60,11.62,33.33,Yes,Apartment,4,Home,Savings,4,Online,Yes,no
APP300096,24,Female,Married,3,Self-Employed,152124.68,728,48083.08,60,10.82,30.07,No,Land,3,Personal,Checking,0,Online,Yes,yes
APP300097,33,Male,Divorced,4,Unemployed,120837.47,455,35242.72,48,12.8,47,No,Land,1,Home,None,2,Branch,No,yes
APP300098,47,Female,Divorced,3,Employed,29437.58,577,12302.97,36,11.86,26.09,Yes,Apartment,2,Home,Savings,5,Branch,Yes,yes
APP300099,35,Female,Divorced,4,Unemployed,86274.37,534,28748,36,7.02,38.63,No,House,2,Personal,Checking,4,Branch,Yes,yes
APP300100,46,Male,Single,0,Unemployed,44432.75,755,40291.3,24,9.99,34.67,No,House,3,Home,Both,2,Agent,Yes,no
APP300101,60,Female,Single,2,Unemployed,23492.69,824,15952.31,36,3.31,26.86,Yes,None,0,Car,Savings,3,Online,No,yes
APP300102,36,Female,Married,4,Employed,33777.94,798,13143.39,48,3.54,16.74,Yes,None,1,Business,Both,1,Online,No,yes
APP300103,63,Male,Single,2,Self-Employed,137384.79,517,29767.81,12,4.08,33.66,No,Apartment,2,Home,None,3,Online,Yes,yes
APP300104,30,Female,Married,0,Employed,56787.34,785,36025.78,60,9.24,24.82,Yes,Apartment,1,Home,Savings,1,Agent,No,yes
APP300105,59,Male,Married,3,Unemployed,90338.04,401,20527.02,36,5.93,46.54,No,Land,1,Personal,Both,0,Branch,Yes,yes
APP300106,36,Male,Single,4,Employed,38809.51,716,15879.12,60,4.97,39.03,No,None,0,Business,None,0,Online,No,yes
APP300107,58,Male,Single,3,Employed,116696.16,769,39745.13,48,14.22,40.41,Yes,Land,3,Personal,None,0,Branch,No,yes
APP300108,29,Male,Married,1,Unemployed,137250.7,616,38735.59,48,2.77,43.24,No,Apartment,2,Business,Both,1,Agent,No,no
APP300109,53,Male,Married,1,Self-Employed,116318.3,820,22303.45,24,14.26,18.12,No,House,3,Personal,Checking,3,Branch,No,yes
APP300110,28,Male,Divorced,2,Employed,163764.86,543,25079.3,12,7.22,44.95,No,Apartment,3,Personal,Savings,5,Agent,Yes,yes
APP300111,30,Female,Divorced,3,Employed,196072.86,323,44621,48,3.55,30.6,Yes,House,0,Personal,None,5,Agent,No,yes
APP300112,33,Male,Married,3,Unemployed,88510.17,414,22962.14,60,3.03,42.03,No,House,4,Car,None,4,Branch,No,yes
APP300113,49,Female,Married,4,Self-Employed,142416.74,539,5195.8,60,10.11,34.44,No,None,1,Business,Checking,5,Online,Yes,no
APP300114,48,Male,Divorced,0,Unemployed,197346.16,847,27664.6,48,3.1,37.65,No,Land,2,Personal,Savings,1,Online,Yes,yes
APP300115,39,Female,Married,1,Employed,168832.71,683,19425.1,24,8.75,47.56,No,Land,3,Personal,None,4,Branch,No,yes
APP300116,54,Male,Divorced,0,Unemployed,156324.23,446,24078.73,48,13.31,32.32,Yes,House,2,Personal,Savings,5,Online,Yes,yes
APP300117,41,Male,Married,4,Self-Employed,103923.91,406,27007.83,12,11.18,11.22,No,Apartment,4,Car,None,1,Branch,Yes,no
APP300118,43,Female,Single,0,Self-Employed,144038.3,437,30361.64,36,12.65,29.43,No,None,4,Car,Both,2,Online,Yes,yes
APP300119,55,Female,Single,0,Unemployed,87049.28,556,29194.77,12,3.55,11.71,No,None,3,Car,Both,0,Branch,Yes,yes
APP300120,36,Male,Married,4,Unemployed,158217.45,588,47741.64,12,4.57,38.65,No,Land,2,Home,Savings,4,Branch,Yes,no
APP300121,54,Female,Single,1,Employed,63113.76,661,41091.23,12,13.81,46.79,No,House,3,Personal,None,3,Online,No,yes
APP300122,53,Female,Married,0,Unemployed,175929.91,638,32826.85,36,4.6,17.27,No,Land,3,Business,Checking,5,Agent,Yes,yes
APP300123,35,Female,Married,3,Unemployed,111985.99,714,15604.76,12,7.33,34.57,No,Apartment,4,Home,Both,4,Online,No,yes
APP300124,27,Male,Single,0,Self-Employed,21563.42,799,19343.99,24,4.33,19.56,No,House,2,Personal,None,1,Agent,Yes,yes
APP300125,32,Male,Single,0,Self-Employed,156714.23,328,37909.96,60,8.31,27.3,No,House,3,Personal,None,2,Online,Yes,yes
APP300126,21,Female,Single,4,Employed,39375.84,370,18754.59,48,13.11,29.81,No,None,4,Home,Both,0,Branch,Yes,yes
APP300127,61,Male,Single,4,Self-Employed,109182.38,418,27546.54,36,14.79,36.01,No,Apartment,1,Business,Checking,2,Online,No,yes
APP300128,37,Male,Divorced,1,Self-Employed,120763.73,380,8542.9,60,5.44,12.15,No,Land,1,Personal,Checking,1,Branch,Yes,yes
APP300129,50,Male,Single,3,Self-Employed,76492.45,534,27039.62,60,4.33,44.35,Yes,Land,1,Business,Savings,5,Agent,No,no
APP300130,45,Male,Divorced,1,Self-Employed,115734.08,582,22486.08,36,14.58,16.66,Yes,Apartment,0,Home,Checking,2,Agent,Yes,no
APP300131,49,Male,Married,4,Employed,102475.6,426,29114.19,36,4.71,19.89,Yes,House,0,Car,None,3,Branch,No,yes
APP300132,40,Male,Single,4,Employed,75086.9,587,8861.81,48,11.53,20.77,No,Apartment,3,Home,None,5,Branch,No,no
APP300133,42,Male,Single,1,Self-Employed,24980.66,569,11496.74,60,5.17,23.55,No,Land,4,Home,Savings,0,Agent,No,yes
APP300134,60,Male,Single,0,Employed,104561.73,498,29314.49,48,10.68,46.65,No,Apartment,3,Personal,Checking,5,Online,No,yes
APP300135,45,Female,Married,4,Self-Employed,69806.82,356,24024.77,12,11.18,28.62,No,Land,2,Car,None,5,Agent,No,yes
APP300136,41,Female,Married,2,Unemployed,188357.26,301,29896.65,36,3.16,44.06,No,Land,4,Car,Savings,1,Branch,No,yes
APP300137,38,Female,Divorced,0,Unemployed,176421.81,638,17747.75,36,5.31,27.2,Yes,House,1,Personal,Checking,3,Branch,No,yes
APP300138,52,Male,Divorced,0,Self-Employed,86756.14,702,49416.91,24,14.37,15.71,No,House,2,Car,Both,2,Branch,Yes,yes
APP300139,34,Female,Married,2,Self-Employed,176457.61,319,37304.48,60,6.67,43.14,Yes,Apartment,1,Business,Checking,0,Agent,No,yes
APP300140,58,Male,Single,0,Employed,70186.09,602,32245.86,48,7.07,26.27,Yes,None,0,Car,Both,2,Agent,No,yes
APP300141,30,Female,Divorced,0,Self-Employed,42194.03,578,46299.88,36,13.87,23.34,Yes,Apartment,0,Business,Savings,1,Agent,No,yes
APP300142,55,Male,Married,3,Employed,143652.37,714,40664.44,36,4.47,33.22,No,House,4,Home,Savings,5,Branch,No,yes
APP300143,37,Male,Divorced,2,Self-Employed,80132.35,365,8418.9,24,14.29,14.79,Yes,Apartment,3,Car,Savings,5,Agent,Yes,yes
APP300144,35,Female,Married,1,Unemployed,20401.87,833,8925.48,24,4.13,17.95,Yes,Land,3,Car,None,3,Online,Yes,yes
APP300145,30,Male,Divorced,1,Unemployed,92396.32,323,5729.29,12,4.39,37.29,Yes,Land,2,Business,None,2,Branch,Yes,yes
APP300146,27,Male,Divorced,4,Self-Employed,28360.58,544,15452.61,24,12.2,12.23,Yes,Apartment,3,Personal,Savings,1,Agent,No,yes
APP300147,37,Male,Single,2,Self-Employed,134647.05,382,18603.04,60,5,43.72,Yes,House,2,Personal,Both,1,Agent,Yes,yes
APP300148,41,Male,Married,0,Unemployed,179035.45,624,45514.91,60,8.03,32.85,Yes,Apartment,3,Home,Checking,5,Online,Yes,no
APP300149,27,Female,Married,0,Self-Employed,100382.81,636,5224.64,24,4.46,29.37,No,Apartment,3,Home,Both,2,Agent,Yes,yes
APP300150,34,Male,Divorced,3,Employed,121369.73,304,31446.23,36,13.24,23.14,Yes,None,1,Home,Checking,0,Online,No,yes
APP300151,59,Male,Married,4,Self-Employed,153653.39,484,36001.31,60,10.68,25.25,Yes,None,4,Car,None,1,Branch,Yes,yes
APP300152,30,Female,Married,2,Unemployed,161538.63,458,33391.99,24,3.17,49.8,No,House,3,Personal,Both,2,Agent,No,yes
APP300153,25,Male,Divorced,2,Employed,184922.65,415,42757.23,48,13.4,35.45,Yes,None,4,Personal,Savings,2,Online,Yes,yes
APP300154,51,Male,Divorced,2,Unemployed,194843.57,697,8728.72,60,14.4,44.23,Yes,Apartment,2,Personal,Both,4,Branch,Yes,yes
APP300155,30,Female,Married,0,Self-Employed,86467.53,714,39603.2,60,5.5,28.12,Yes,House,3,Business,Both,5,Online,Yes,no
APP300156,35,Female,Single,4,Unemployed,170739.2,502,34965.96,36,9.54,49.92,No,Land,2,Business,Both,4,Agent,No,yes
APP300157,45,Male,Divorced,0,Employed,188240.43,300,26739.69,24,4.6,48.46,No,House,4,Personal,Savings,0,Online,No,yes
APP300158,27,Female,Married,1,Self-Employed,46669.14,341,40048.74,36,9.2,28.46,No,Land,3,Car,None,5,Online,No,yes
APP300159,33,Male,Divorced,4,Employed,148021.44,417,32916.71,36,8.48,18.96,Yes,House,0,Home,Both,1,Agent,No,yes
APP300160,27,Female,Single,4,Self-Employed,177639.44,544,26191.06,36,9.69,43.38,Yes,None,4,Home,Both,4,Online,No,yes
APP300161,36,Male,Divorced,2,Employed,159113.11,331,46869.44,60,5.69,15.47,Yes,None,3,Car,None,2,Branch,No,yes
APP300162,21,Male,Married,0,Self-Employed,174166.07,781,38525.73,24,11.3,39.4,No,Land,4,Home,None,3,Agent,No,yes
APP300163,59,Male,Married,1,Self-Employed,199283.89,827,30234.83,24,3.15,27.71,No,Apartment,4,Personal,Both,1,Branch,No,yes
APP300164,62,Male,Divorced,1,Unemployed,45345.41,771,13391.1,36,7.18,29.8,Yes,None,2,Car,Savings,5,Online,Yes,yes
APP300165,27,Female,Single,4,Unemployed,89422.87,394,10259.38,60,13.57,27.02,Yes,Land,3,Home,Both,2,Agent,Yes,yes
APP300166,31,Female,Married,4,Unemployed,73497.93,417,33783.93,60,4.67,20.9,No,Apartment,3,Business,None,4,Agent,Yes,yes
APP300167,49,Male,Married,2,Employed,105794.05,414,33152.63,12,14.15,17.12,Yes,Apartment,0,Business,Checking,2,Branch,No,no
APP300168,62,Female,Married,1,Employed,140607.3,393,24199.51,12,7.13,44.05,No,Apartment,0,Car,Checking,0,Online,No,yes
APP300169,61,Male,Single,1,Employed,83344.99,708,26466.34,48,5.57,18.21,Yes,Land,3,Home,Savings,2,Agent,Yes,no
APP300170,42,Male,Married,4,Employed,43455.97,806,13737.52,48,4.77,35.89,No,Land,0,Car,Savings,2,Online,No,yes
APP300171,39,Female,Single,2,Self-Employed,137807.5,778,49212.56,36,6.49,39.64,No,Land,2,Personal,Checking,5,Online,No,yes
APP300172,44,Male,Divorced,0,Self-Employed,104271.04,444,28959.63,60,5.74,45.42,No,House,3,Business,Both,3,Branch,No,yes
APP300173,25,Female,Single,3,Employed,46577.46,780,29031.43,60,8.08,28.26,Yes,Apartment,0,Home,None,3,Agent,Yes,yes
APP300174,48,Female,Divorced,1,Self-Employed,61548.29,461,45220.19,36,11.58,46.69,No,House,3,Home,Both,5,Branch,Yes,yes
APP300175,23,Male,Single,0,Self-Employed,100454.88,828,11878.36,36,8.27,11.33,No,None,3,Car,None,5,Branch,No,yes
APP300176,23,Female,Divorced,1,Unemployed,60521.27,825,20509.7,24,11.81,25.52,No,None,1,Personal,Savings,4,Online,Yes,yes
APP300177,45,Male,Married,3,Unemployed,63757.07,747,25768.92,48,13.14,12.38,No,House,1,Personal,Both,3,Branch,Yes,yes
APP300178,25,Male,Single,0,Unemployed,68675.91,507,6065.15,36,10.4,34.05,Yes,None,3,Business,None,1,Online,No,yes
APP300179,40,Female,Divorced,1,Employed,199688.67,514,44272.24,60,10.2,39.94,No,Land,2,Home,None,1,Agent,Yes,yes
APP300180,38,Male,Divorced,3,Self-Employed,120374.21,440,37115.7,12,10.17,33.69,Yes,House,1,Business,Both,1,Online,Yes,yes
APP300181,32,Male,Married,1,Employed,43657.11,810,34729.63,36,10.83,27.55,Yes,None,0,Car,Both,5,Online,No,yes
APP300182,30,Male,Divorced,2,Employed,188994.04,540,42717.9,24,8.19,36.2,Yes,None,0,Personal,Both,0,Branch,No,yes
APP300183,56,Male,Married,1,Unemployed,52080.32,796,10697.47,36,7.85,45.92,No,Apartment,0,Home,Savings,1,Online,No,yes
APP300184,29,Male,Married,4,Self-Employed,109376.5,495,38100.65,48,13.1,39.29,Yes,House,4,Personal,None,5,Agent,No,no
APP300185,47,Female,Divorced,2,Employed,163917.02,594,47460.97,24,10.8,17.41,No,Apartment,3,Home,Savings,2,Agent,No,yes
APP300186,30,Male,Single,3,Self-Employed,124584.85,496,39404.53,48,4.13,30.39,No,Apartment,0,Business,Both,5,Agent,Yes,yes
APP300187,24,Male,Single,0,Employed,42918.75,371,5187.55,36,11.69,47.87,Yes,House,0,Car,Savings,5,Branch,Yes,yes
APP300188,36,Male,Divorced,1,Unemployed,51952.79,461,10800.92,60,3.49,38.18,Yes,None,1,Car,None,2,Branch,Yes,yes
APP300189,41,Female,Married,4,Self-Employed,106652.38,419,28752.97,24,7.28,33.79,No,Land,0,Business,Both,1,Branch,Yes,yes
APP300190,32,Male,Single,3,Self-Employed,144989.31,483,35765.78,48,14.85,22.02,Yes,Apartment,3,Personal,None,4,Agent,Yes,yes
APP300191,47,Male,Married,4,Unemployed,22576.82,357,7071,48,13.16,37.32,Yes,None,3,Personal,Savings,3,Online,No,no
APP300192,25,Female,Married,4,Employed,59657.73,456,13362.55,60,11.45,38.79,Yes,Apartment,3,Car,Both,0,Branch,Yes,yes
APP300193,49,Male,Married,3,Self-Employed,41838.28,535,13495.45,36,3.31,44.24,Yes,House,4,Business,Checking,2,Agent,Yes,no
APP300194,52,Male,Married,1,Self-Employed,76659.61,509,27547.55,24,12.54,39.35,No,Land,0,Car,None,3,Branch,No,yes
APP300195,62,Female,Divorced,1,Employed,178277.5,843,14485.21,48,4.65,13.54,No,Land,3,Personal,Savings,2,Agent,No,no
APP300196,48,Female,Married,0,Unemployed,54586.16,708,20211.65,36,12.91,25.56,Yes,None,1,Car,Checking,0,Branch,Yes,yes
APP300197,26,Female,Married,1,Self-Employed,58097.18,374,29974.12,60,9.75,45.89,Yes,Land,1,Car,None,1,Agent,Yes,yes
APP300198,46,Female,Married,1,Unemployed,89155.34,546,24144.27,12,6.77,45.47,Yes,Land,2,Car,None,1,Branch,Yes,yes
APP300199,64,Female,Divorced,1,Unemployed,57837.12,631,10406.41,24,4.3,38.22,Yes,Apartment,2,Business,Savings,3,Agent,No,yes
APP300200,41,Male,Single,0,Self-Employed,134997.53,793,16771.33,24,2.57,10.05,No,Land,3,Business,Checking,1,Agent,Yes,yes
APP300201,61,Female,Married,2,Unemployed,165069.18,362,5474.76,36,4.36,13.37,Yes,House,0,Personal,Both,0,Agent,Yes,yes
APP300202,29,Female,Married,1,Unemployed,75205.11,642,15925.9,60,10.89,36.41,Yes,Land,3,Home,Both,5,Branch,No,no
APP300203,46,Female,Married,1,Employed,160971.19,819,9472.49,36,13.7,14.63,No,Land,2,Car,None,3,Online,No,no
APP300204,53,Male,Divorced,3,Self-Employed,29944.25,358,16651.17,36,6.6,38.71,No,Apartment,3,Business,Savings,4,Online,Yes,yes
APP300205,60,Female,Single,0,Employed,190662.06,429,15873.92,48,5.96,12.96,Yes,Land,0,Car,Savings,4,Online,No,yes
APP300206,50,Female,Single,3,Unemployed,62209.08,376,31438.69,48,14.03,44.36,No,House,4,Business,Both,1,Online,No,yes
APP300207,31,Female,Married,1,Unemployed,62732.12,657,27292.25,48,5.12,40,Yes,None,0,Car,Checking,3,Online,Yes,yes
APP300208,38,Male,Married,4,Unemployed,68664.69,741,32093.39,12,12.38,23.31,No,Apartment,2,Personal,Both,0,Online,No,yes
APP300209,40,Female,Single,0,Unemployed,142857.86,406,46046.14,12,7.12,30.28,Yes,Apartment,3,Home,Checking,2,Agent,Yes,yes
APP300210,61,Male,Divorced,1,Unemployed,111923.2,335,27947.75,12,4.45,45.2,Yes,None,4,Personal,Both,1,Agent,No,yes
APP300211,35,Female,Divorced,4,Unemployed,154314.77,514,7690.54,24,9.09,24.04,No,None,4,Personal,Checking,1,Online,Yes,yes
APP300212,36,Male,Single,0,Self-Employed,144582.49,612,10181.28,48,8.9,30.76,No,Land,1,Personal,Savings,4,Branch,Yes,yes
APP300213,22,Female,Married,0,Employed,117565.48,523,26521.18,12,8.8,10.23,Yes,Land,0,Car,None,1,Agent,Yes,no
APP300214,54,Female,Single,4,Self-Employed,88381.41,653,27540.36,48,11.31,37.32,No,House,2,Car,None,5,Branch,No,yes
APP300215,49,Female,Married,1,Unemployed,86036.55,680,23673.78,12,3.73,48.38,Yes,Land,0,Home,Savings,4,Online,Yes,yes
APP300216,30,Male,Single,1,Self-Employed,142283.87,698,36903.68,48,3.19,48.32,Yes,Apartment,3,Car,None,1,Agent,No,yes
APP300217,61,Female,Single,4,Self-Employed,130663.65,732,22712.41,48,14.97,24.83,No,Apartment,2,Business,Savings,2,Online,Yes,yes
APP300218,43,Male,Married,2,Unemployed,29866.55,604,46071.61,60,8.16,33.3,No,Apartment,3,Business,Checking,2,Agent,Yes,yes
APP300219,48,Female,Divorced,4,Employed,155207.45,784,41974.64,12,9.92,33.69,No,House,2,Home,Both,3,Agent,No,yes
APP300220,44,Male,Divorced,1,Employed,167691.12,784,40041.83,24,13.85,41.21,No,None,4,Car,None,2,Online,Yes,yes
APP300221,56,Male,Married,1,Self-Employed,191492.68,784,26880.19,24,6.19,31.39,Yes,Apartment,2,Home,Both,4,Online,No,yes
APP300222,25,Male,Married,4,Self-Employed,43157.5,624,23468.53,36,6.62,26.39,No,Land,1,Home,Checking,1,Agent,Yes,yes
APP300223,54,Male,Single,4,Self-Employed,69836.18,794,7757.67,36,10.26,15.14,Yes,House,3,Car,Savings,4,Branch,No,yes
APP300224,58,Male,Single,1,Employed,125180.87,669,47511.01,24,6.15,19.55,Yes,None,2,Car,Both,1,Branch,No,yes
APP300225,29,Male,Divorced,0,Employed,127179.64,615,35817.57,12,2.99,11.02,No,None,1,Business,Both,0,Branch,No,yes
APP300226,50,Female,Single,1,Self-Employed,187498.81,688,45284.9,60,11.55,46.99,No,Land,1,Car,Checking,4,Online,No,yes
APP300227,33,Male,Divorced,4,Employed,32534.07,488,37132.38,24,6.32,32.79,Yes,House,3,Car,Both,4,Agent,No,yes
APP300228,33,Female,Single,3,Self-Employed,46999.18,835,24716.13,60,7.4,47.72,No,Apartment,3,Car,Checking,3,Agent,Yes,yes
APP300229,32,Female,Married,0,Employed,46879.55,445,39147.9,12,8.12,16.98,No,Land,4,Personal,Checking,0,Agent,Yes,no
APP300230,29,Male,Divorced,2,Self-Employed,140407.6,434,36470.47,36,6.01,20.58,Yes,Land,4,Business,Savings,1,Agent,No,yes
APP300231,52,Male,Married,4,Self-Employed,106892.7,823,47710.03,12,14.97,47.4,Yes,Land,2,Business,Both,3,Branch,No,yes
APP300232,31,Male,Single,2,Unemployed,38004.69,551,48764.31,60,12.61,31.79,No,Land,2,Car,Both,1,Online,No,yes
APP300233,40,Male,Divorced,3,Unemployed,156358.1,800,35202.63,12,11.03,49.97,No,House,2,Personal,Both,1,Agent,No,yes
APP300234,25,Female,Married,3,Self-Employed,59143.8,327,13510.54,24,11.71,48.66,Yes,None,4,Car,Both,0,Agent,Yes,yes
APP300235,41,Female,Married,0,Unemployed,43706.29,742,6836.85,60,10.46,24.05,Yes,None,2,Home,Checking,4,Online,Yes,yes
APP300236,41,Female,Divorced,4,Unemployed,128002.59,400,20998.67,24,10.4,29.89,No,House,2,Car,None,1,Branch,Yes,yes
APP300237,21,Male,Single,1,Self-Employed,38448.83,467,37837.76,48,7.05,46.03,No,House,0,Car,Both,5,Agent,Yes,yes
APP300238,38,Female,Married,2,Self-Employed,100882.38,649,39041.76,12,8.55,37.1,No,None,2,Car,Both,5,Branch,No,no
APP300239,43,Female,Married,0,Unemployed,188406.73,505,7648.74,24,4.12,17.51,No,Apartment,2,Business,Checking,0,Online,Yes,yes
APP300240,49,Female,Married,3,Unemployed,174347.69,846,9986.07,24,12.19,23.11,No,Land,4,Car,Checking,1,Agent,Yes,yes
APP300241,61,Male,Divorced,4,Unemployed,164532.4,318,19658.62,60,9.7,42.14,No,None,0,Car,Savings,2,Online,Yes,yes
APP300242,56,Female,Divorced,4,Self-Employed,176512.12,331,17439.31,24,5.68,37.09,Yes,None,2,Business,Both,4,Agent,No,yes
APP300243,63,Male,Married,3,Unemployed,193043.87,628,13308.49,12,7.51,27.13,No,House,4,Business,Savings,0,Agent,No,yes
APP300244,33,Female,Divorced,4,Employed,49851.07,526,14241.04,36,7.21,38.51,No,House,0,Home,Both,0,Online,Yes,yes
APP300245,31,Male,Divorced,2,Unemployed,30541.75,392,45559,48,8.53,49.62,No,None,1,Car,None,3,Branch,Yes,no
APP300246,30,Male,Single,4,Employed,147019.09,677,46441.82,48,4.61,46.56,Yes,Apartment,4,Personal,Checking,3,Branch,Yes,no
APP300247,52,Male,Single,3,Self-Employed,22521.02,547,12709.66,36,2.87,42.43,No,House,3,Business,Both,5,Agent,Yes,yes
APP300248,48,Male,Divorced,3,Employed,60142.82,603,17855.07,36,13.94,47.42,No,Apartment,4,Personal,Both,3,Online,No,yes
APP300249,24,Male,Divorced,2,Unemployed,198364.99,689,19052.07,12,10.7,39.93,No,Apartment,4,Home,Savings,2,Agent,No,yes
APP300250,45,Male,Married,0,Self-Employed,73893.77,326,22669.02,36,6.29,27.37,No,Land,4,Car,None,5,Online,Yes,yes
APP300251,29,Male,Divorced,0,Unemployed,130387.73,718,41927.87,24,10.62,14.81,Yes,Land,3,Personal,Savings,0,Online,No,yes
APP300252,41,Female,Married,1,Employed,79242.44,731,48263.65,60,3.51,10.01,Yes,None,1,Personal,Both,2,Agent,Yes,yes
APP300253,34,Male,Single,2,Employed,101371.3,803,19081.85,60,13.33,33.19,No,Apartment,1,Business,Checking,3,Online,No,yes
APP300254,47,Male,Single,0,Employed,23886.52,507,10585.97,12,8.68,29.08,Yes,Land,3,Car,Savings,2,Branch,Yes,yes
APP300255,62,Female,Divorced,4,Self-Employed,164175.5,734,41510.48,36,3.28,48.01,No,House,0,Car,Checking,2,Agent,No,no
APP300256,56,Female,Single,2,Unemployed,198925.41,775,35957.68,60,4.75,17.85,Yes,None,2,Car,Checking,3,Online,No,yes
APP300257,60,Male,Married,4,Self-Employed,54769.94,443,19430.79,48,4.24,35.68,Yes,House,1,Home,Savings,3,Branch,No,no
APP300258,53,Female,Single,3,Employed,84958.92,369,27055.27,36,8.38,34.49,No,Land,3,Business,None,3,Online,No,yes
APP300259,48,Male,Married,3,Unemployed,183195.32,620,8096.43,48,2.72,16.78,Yes,House,0,Personal,None,5,Branch,Yes,yes
APP300260,32,Male,Divorced,4,Self-Employed,51015.12,654,28852.28,12,5.12,45.29,No,Land,4,Home,Savings,1,Online,Yes,yes
APP300261,39,Male,Married,2,Employed,79041.61,443,18825.31,12,10.01,24.21,Yes,None,0,Home,Both,4,Branch,No,yes
APP300262,44,Female,Divorced,2,Unemployed,123368.69,452,31898.65,24,4.5,34.74,No,Apartment,1,Business,Both,3,Online,No,yes
APP300263,49,Male,Married,3,Self-Employed,146570.6,635,23462.82,36,6.21,21.9,No,House,2,Car,Both,3,Branch,No,no
APP300264,22,Female,Married,4,Self-Employed,99084.99,447,32787.23,24,8.42,37.35,Yes,Apartment,0,Home,Both,0,Online,Yes,no
APP300265,45,Female,Single,0,Unemployed,100130.29,331,18988.82,12,13.76,44.57,No,House,2,Car,None,4,Branch,Yes,yes
APP300266,42,Male,Divorced,2,Self-Employed,131279.03,524,22064.85,24,9.89,49.18,Yes,Land,2,Car,Both,2,Online,No,no
APP300267,52,Male,Divorced,1,Employed,165467.29,755,19261.12,48,5.22,41.8,Yes,Land,4,Home,Checking,0,Branch,Yes,yes
APP300268,60,Male,Single,2,Unemployed,40565.41,624,27835.47,12,13.14,10.62,No,Land,3,Business,Savings,4,Branch,Yes,no
APP300269,58,Male,Married,4,Employed,62362.84,438,43680.08,48,3.98,49.36,Yes,None,4,Home,Both,5,Agent,No,no
APP300270,40,Female,Married,2,Unemployed,149524.73,744,11464.32,12,5.17,12.03,No,Apartment,3,Home,Both,2,Agent,Yes,yes
APP300271,32,Female,Married,3,Unemployed,142697.24,565,18529.78,24,4.4,37.3,Yes,Land,3,Business,Both,3,Online,No,yes
APP300272,44,Female,Married,0,Unemployed,53013.24,610,24742.16,60,11.85,30.35,Yes,Land,2,Personal,Both,1,Branch,No,yes
APP300273,46,Female,Divorced,0,Employed,58243.31,447,39556.59,60,14,13.24,No,Apartment,4,Home,None,4,Online,No,yes
APP300274,27,Male,Divorced,4,Unemployed,167839.36,367,27519.87,24,3.25,18.8,Yes,House,0,Business,Both,0,Branch,Yes,yes
APP300275,39,Female,Divorced,0,Unemployed,177464.64,806,29341.29,12,7.74,39.46,No,Land,0,Car,Savings,5,Online,No,yes
APP300276,56,Male,Divorced,3,Self-Employed,132774.03,320,29733.9,48,7.69,23.42,Yes,Land,3,Car,Both,5,Online,Yes,no
APP300277,59,Female,Married,1,Self-Employed,168413.85,473,47477.84,24,12.92,14.8,No,None,4,Personal,Both,5,Online,Yes,no
APP300278,32,Male,Divorced,2,Employed,96748.53,504,11910.58,24,7.69,23.43,No,Land,0,Business,Checking,4,Online,Yes,yes
APP300279,43,Male,Married,4,Self-Employed,66128.21,451,29400.37,48,8.78,21.94,Yes,Apartment,4,Business,Both,3,Online,Yes,yes
APP300280,44,Male,Divorced,2,Self-Employed,174111.14,751,19696.82,24,2.62,32.15,Yes,Apartment,1,Car,Both,4,Online,Yes,yes
APP300281,63,Female,Single,0,Unemployed,154675.88,357,38440.06,36,5.08,25.44,No,House,4,Personal,Savings,2,Agent,Yes,yes
APP300282,37,Female,Married,4,Employed,66081.48,482,16601.7,48,5.94,27.24,Yes,Apartment,2,Home,Both,5,Branch,Yes,yes
APP300283,51,Male,Single,2,Employed,198549.07,470,21395.58,12,10,45.15,Yes,House,2,Personal,Checking,3,Online,No,no
APP300284,52,Female,Divorced,3,Unemployed,174077.64,544,37118.96,24,6.5,49.85,Yes,House,4,Business,None,3,Agent,Yes,yes
APP300285,61,Female,Divorced,2,Unemployed,115631.73,528,41183.26,60,14.06,32.22,Yes,House,4,Home,Checking,2,Agent,Yes,yes
APP300286,46,Male,Married,0,Employed,86168.17,827,38177.24,60,7.26,29.44,Yes,Apartment,2,Home,Savings,3,Agent,Yes,yes
APP300287,25,Male,Divorced,1,Employed,176379.75,657,20284.97,48,8.78,34.92,No,Land,4,Car,Checking,4,Online,No,no
APP300288,30,Male,Married,4,Self-Employed,46279.34,490,18699.22,48,6.19,49.52,No,None,4,Business,Both,1,Online,No,yes
APP300289,28,Female,Divorced,3,Employed,57914.26,542,43928.1,24,11.44,41.28,Yes,Land,2,Home,Savings,3,Agent,Yes,yes
APP300290,25,Male,Single,2,Unemployed,59369.94,529,5312.31,24,9.98,45.08,No,Land,2,Business,Savings,2,Branch,Yes,yes
APP300291,32,Male,Divorced,2,Self-Employed,43229.77,724,16819.64,36,11.8,48.17,No,Land,3,Business,Both,3,Agent,Yes,yes
APP300292,58,Female,Single,1,Unemployed,30924.78,568,17108.25,24,6.61,34.13,Yes,Apartment,4,Home,Savings,5,Branch,Yes,yes
APP300293,28,Male,Single,1,Self-Employed,131020.06,373,33940.89,24,10.4,40.92,Yes,None,0,Car,None,1,Branch,Yes,no
APP300294,40,Male,Single,0,Self-Employed,128964.19,559,21557.11,12,8.94,38.49,Yes,House,1,Personal,None,5,Agent,No,yes
APP300295,48,Female,Married,2,Employed,50115.86,432,14501.04,36,11.73,23.85,Yes,House,0,Car,Checking,5,Branch,Yes,no
APP300296,41,Male,Single,4,Self-Employed,135290.3,808,36468.96,48,9.13,18.58,Yes,House,4,Business,Checking,2,Branch,Yes,yes
APP300297,23,Female,Divorced,0,Unemployed,191983.45,541,16726.23,36,9.69,48.15,No,Apartment,2,Business,Checking,2,Agent,Yes,yes
APP300298,46,Male,Married,1,Unemployed,199763.78,516,44962.66,12,8.05,27.03,Yes,Apartment,0,Business,Savings,3,Online,Yes,no
APP300299,60,Male,Single,2,Self-Employed,189799.5,624,34108.06,48,3.25,18.74,No,House,0,Personal,Savings,5,Agent,No,no
APP300300,50,Female,Divorced,2,Employed,85000.47,392,36621.43,60,5.25,35.9,Yes,Apartment,2,Personal,Savings,0,Branch,No,yes
APP300301,58,Male,Divorced,0,Unemployed,88757.66,523,38685.91,12,11.11,14.82,No,Apartment,0,Home,Savings,0,Online,Yes,yes
APP300302,41,Male,Married,4,Unemployed,159597.02,716,34243.72,48,2.82,46.99,Yes,None,0,Personal,Checking,0,Online,No,yes
APP300303,21,Female,Divorced,4,Self-Employed,91011.26,656,21556.17,60,9.09,20.41,No,House,4,Business,Savings,1,Online,Yes,yes
APP300304,49,Female,Married,1,Unemployed,102337.15,722,7857.46,36,10.79,25.77,No,House,0,Business,Checking,2,Online,Yes,yes
APP300305,37,Male,Divorced,1,Unemployed,48225.37,678,27128.03,12,7.9,20.96,No,House,2,Car,Checking,0,Agent,No,no
APP300306,64,Female,Single,1,Self-Employed,62960.44,466,43574.19,12,7.47,41.68,No,Land,3,Car,Checking,0,Branch,Yes,no
APP300307,36,Female,Single,0,Self-Employed,95589.56,342,25979.25,36,9.2,17.24,Yes,House,0,Car,Savings,1,Online,No,yes
APP300308,59,Female,Married,4,Self-Employed,48079.99,778,16273.49,12,11.21,19.64,Yes,None,0,Car,Checking,0,Agent,Yes,yes
APP300309,27,Male,Divorced,3,Unemployed,198352.97,452,49379.01,36,11.88,18.15,No,Apartment,1,Home,Savings,3,Agent,Yes,yes
APP300310,51,Male,Divorced,3,Employed,74337.12,455,32227.82,60,9.86,43.69,Yes,House,0,Car,Savings,3,Online,Yes,yes
APP300311,49,Male,Married,1,Unemployed,92788.41,576,9771.68,48,5.11,17.01,No,House,2,Business,Both,2,Branch,No,yes
APP300312,40,Female,Divorced,0,Unemployed,163272.37,830,49559.7,36,8.31,35.43,No,Land,4,Home,Savings,4,Online,No,yes
APP300313,58,Female,Single,1,Unemployed,196878.79,599,36624.91,48,3.66,20.62,Yes,Apartment,3,Car,Savings,1,Branch,Yes,yes
APP300314,22,Male,Single,4,Employed,61864.85,336,22061.17,36,4.66,26.34,No,Land,3,Business,Both,3,Branch,No,no
APP300315,50,Female,Single,2,Employed,120638.53,486,18768.31,24,12.39,21.75,Yes,None,4,Home,Savings,3,Online,No,yes
APP300316,29,Male,Divorced,3,Unemployed,50282.51,427,32960.88,48,7.46,37.82,No,None,0,Home,Checking,1,Branch,No,yes
APP300317,59,Female,Married,0,Self-Employed,140811.82,493,10929.78,36,12.36,36.36,No,Apartment,1,Personal,Checking,0,Agent,Yes,yes
APP300318,48,Male,Married,2,Self-Employed,55217.02,484,28137.49,12,6.51,28.79,Yes,Land,3,Personal,Checking,4,Agent,Yes,yes
APP300319,39,Male,Married,1,Unemployed,188562.64,508,20942.71,48,5.23,37.94,Yes,Land,3,Home,Checking,3,Agent,Yes,no
APP300320,29,Female,Single,4,Unemployed,54123.74,654,18704.24,24,8.01,21.91,Yes,House,1,Personal,Both,1,Branch,Yes,yes
APP300321,58,Female,Single,0,Self-Employed,190774.7,418,24225.19,48,5.24,37.95,No,Apartment,0,Business,Both,3,Branch,No,yes
APP300322,49,Male,Single,1,Employed,35238.26,531,35333.06,60,7.82,24.19,No,None,3,Business,Both,0,Agent,No,yes
APP300323,33,Male,Married,0,Unemployed,131464.36,338,30756.68,48,7.92,32.8,No,Land,0,Car,Both,4,Branch,Yes,yes
APP300324,34,Male,Married,3,Unemployed,134153.76,833,31836.06,12,8.8,13.44,No,Apartment,0,Personal,Both,2,Online,No,yes
APP300325,51,Female,Single,4,Unemployed,84451.73,653,28192.44,12,6.44,40.26,No,None,3,Personal,Savings,5,Branch,Yes,yes
APP300326,45,Male,Single,0,Self-Employed,97599.1,611,42951.31,24,12.29,28.73,Yes,House,2,Business,Both,4,Online,Yes,yes
APP300327,62,Male,Divorced,4,Employed,191057.34,524,31583.29,60,5.96,22.24,No,Apartment,4,Car,None,0,Agent,No,no
APP300328,60,Male,Married,1,Employed,137290.35,548,6741.88,36,14.03,13.34,Yes,None,3,Personal,Checking,2,Agent,Yes,yes
APP300329,28,Male,Single,0,Self-Employed,60589.7,537,31964.41,12,9.71,44.72,Yes,House,4,Car,Both,2,Online,Yes,yes
APP300330,31,Male,Single,0,Unemployed,56043.97,454,34001.47,36,11.24,24.9,No,Apartment,4,Personal,None,3,Branch,Yes,yes
APP300331,55,Female,Divorced,0,Unemployed,182069.21,404,6372.09,60,13.43,10.84,Yes,House,2,Business,Checking,0,Branch,Yes,yes
APP300332,59,Female,Married,2,Unemployed,150965.16,329,26517.54,24,14.29,24.65,Yes,House,1,Personal,None,2,Online,Yes,no
APP300333,42,Female,Divorced,4,Unemployed,179729.56,412,22028.42,48,7.71,10.61,No,None,4,Home,Both,1,Branch,No,yes
APP300334,39,Female,Divorced,0,Self-Employed,65192.21,740,47925.33,60,4.46,21.4,No,Apartment,0,Personal,None,5,Branch,Yes,yes
APP300335,22,Female,Married,0,Employed,54496.55,665,23922.98,12,10.4,23.16,Yes,Apartment,3,Personal,Both,1,Branch,No,yes
APP300336,41,Male,Married,2,Self-Employed,132996.71,785,49606.25,48,10.64,28.92,Yes,None,3,Business,Checking,5,Agent,Yes,no
APP300337,38,Male,Divorced,3,Self-Employed,183934.18,590,36098.33,60,9.67,12.03,Yes,Apartment,4,Home,Both,3,Branch,No,yes
APP300338,42,Female,Married,4,Self-Employed,122896.53,747,47452.53,12,12.56,32.3,No,Apartment,3,Personal,None,3,Agent,No,yes
APP300339,22,Male,Divorced,0,Employed,28353.08,336,48668.93,12,6.4,27.62,No,House,1,Personal,None,3,Agent,No,yes
APP300340,51,Male,Divorced,2,Self-Employed,129443.18,804,20873.53,60,14.55,13.72,Yes,Apartment,3,Home,Checking,0,Online,No,yes
APP300341,59,Male,Married,4,Self-Employed,110622.87,659,44927.08,36,11.59,20.14,Yes,Apartment,2,Home,Both,2,Online,No,yes
APP300342,39,Female,Married,4,Unemployed,136758.33,382,48877.46,24,12.14,39.42,No,Apartment,2,Home,Checking,3,Online,Yes,no
APP300343,25,Female,Single,2,Unemployed,103321.74,325,35068.74,36,2.76,20.65,No,Land,4,Home,Savings,4,Branch,Yes,yes
APP300344,33,Female,Single,4,Employed,63868.91,583,36435.67,24,10.29,23.49,Yes,House,0,Business,Savings,0,Online,Yes,yes
APP300345,23,Female,Single,4,Self-Employed,59026.45,489,24578.54,60,8.55,37.52,No,Apartment,2,Home,Checking,3,Branch,Yes,yes
APP300346,25,Female,Single,2,Self-Employed,56580.71,815,48556.03,60,7.51,36.21,No,Apartment,4,Personal,None,5,Agent,Yes,no
APP300347,24,Female,Single,0,Employed,138469.67,584,15432.3,24,7.38,23.2,No,Land,3,Business,Checking,5,Online,Yes,no
APP300348,64,Female,Single,1,Unemployed,52907.09,570,25067.16,12,7.39,37.25,No,None,1,Business,Savings,0,Online,Yes,yes
APP300349,46,Male,Divorced,4,Self-Employed,118745.6,595,48956.48,48,8.33,20.58,No,Apartment,4,Car,Checking,5,Agent,No,yes
APP300350,38,Male,Divorced,1,Unemployed,34526.55,742,20497.73,24,13.18,42.71,Yes,House,3,Car,Checking,0,Branch,Yes,yes
APP300351,54,Female,Single,0,Unemployed,38691.25,361,9001.05,48,3.69,45.14,No,House,3,Personal,Both,2,Agent,Yes,yes
APP300352,53,Male,Single,0,Self-Employed,47943.64,317,45208.33,24,9.92,47.16,No,House,4,Personal,Savings,1,Agent,Yes,yes
APP300353,31,Female,Divorced,3,Unemployed,87248.71,602,49648.14,60,8.45,24.27,Yes,House,0,Home,Checking,1,Branch,No,yes
APP300354,30,Male,Married,4,Employed,132899.21,429,27099.07,48,9.49,34.79,No,Land,2,Home,Both,3,Agent,No,yes
APP300355,35,Female,Divorced,3,Unemployed,67367.18,361,28911.69,12,9.28,41.83,Yes,Land,1,Personal,None,2,Agent,Yes,yes
APP300356,28,Female,Married,4,Unemployed,81369.11,397,25967.79,48,6.49,45.58,No,Land,0,Home,Both,0,Branch,No,yes
APP300357,46,Male,Single,1,Unemployed,133809.91,484,44389.89,48,6,25.9,No,None,0,Business,Both,2,Agent,No,yes
APP300358,35,Male,Married,3,Unemployed,30745.93,337,37877.62,48,12.16,30.23,Yes,Land,1,Home,Checking,5,Branch,Yes,yes
APP300359,48,Female,Divorced,0,Self-Employed,190217.33,370,15759.93,60,14.03,23.68,Yes,None,2,Home,Savings,3,Online,No,yes
APP300360,32,Female,Single,3,Employed,65616.06,526,35704.23,12,6.47,23.36,Yes,None,2,Personal,Savings,0,Agent,Yes,yes
APP300361,62,Female,Single,2,Self-Employed,64585.27,449,5417.32,60,14.26,15.48,No,Apartment,1,Personal,None,5,Agent,Yes,yes
APP300362,27,Male,Divorced,4,Employed,195614.46,847,5364.32,12,4.62,27.22,Yes,None,2,Car,None,2,Online,No,yes
APP300363,59,Female,Divorced,3,Employed,68064.59,355,20562.86,24,6.76,24.35,No,Land,0,Home,Checking,3,Agent,No,yes
APP300364,48,Male,Married,0,Employed,84667.33,389,11043.66,48,10.76,49.36,Yes,None,4,Business,None,4,Online,No,no
APP300365,26,Female,Divorced,4,Unemployed,82009.33,736,5264.46,12,3.2,39.61,No,None,3,Home,Savings,5,Online,No,yes
APP300366,57,Male,Divorced,2,Employed,110133.74,844,45787.7,24,8.36,15.88,Yes,House,4,Personal,Checking,3,Branch,Yes,yes
APP300367,26,Male,Single,1,Employed,23225.79,580,5106.4,24,5.34,25.5,No,House,0,Business,Savings,0,Online,No,yes
APP300368,28,Male,Divorced,2,Employed,103945.78,578,20899.43,48,10.93,23.01,No,Apartment,0,Personal,None,1,Online,No,yes
APP300369,51,Female,Divorced,3,Employed,171976.79,500,7536.58,24,14.06,24.51,No,Land,3,Car,None,3,Online,Yes,yes
APP300370,22,Female,Married,2,Employed,143962.54,467,40673.94,24,14.59,32.35,Yes,Apartment,2,Business,Both,4,Agent,Yes,yes
APP300371,38,Male,Divorced,4,Self-Employed,65212.84,747,8922.8,60,7.85,44.72,Yes,Land,4,Personal,Both,1,Agent,Yes,yes
APP300372,53,Male,Single,0,Employed,34620.59,761,17019.67,60,10.11,46.74,Yes,House,2,Business,Checking,4,Branch,Yes,yes
APP300373,39,Female,Single,1,Self-Employed,158616.03,611,34078.22,60,12.95,39.04,Yes,None,1,Home,None,2,Branch,No,yes
APP300374,55,Male,Single,4,Self-Employed,72315.92,535,43817.47,12,6.32,46.83,Yes,House,1,Business,Checking,3,Branch,Yes,yes
APP300375,30,Male,Single,0,Employed,55548.46,412,40589.53,12,14.76,21.17,Yes,Apartment,2,Business,Checking,2,Online,Yes,yes
APP300376,47,Male,Divorced,2,Self-Employed,106807.49,547,33672.15,12,8.81,17.87,No,House,3,Business,None,0,Branch,No,no
APP300377,54,Male,Divorced,0,Employed,27499.54,805,25946.41,60,5.38,31.11,No,None,1,Car,Savings,0,Online,Yes,yes
APP300378,23,Female,Divorced,2,Self-Employed,185474.17,348,23606.72,24,7.08,30.89,No,None,3,Personal,Savings,1,Branch,Yes,yes
APP300379,26,Female,Single,1,Unemployed,25554.57,449,12811.18,60,9.31,39.73,Yes,Apartment,3,Home,None,0,Branch,No,no
APP300380,32,Male,Divorced,4,Unemployed,66642.04,425,15043.3,24,13.62,36.05,Yes,Apartment,3,Business,None,0,Agent,No,yes
APP300381,49,Male,Single,0,Employed,180284,699,12478.47,24,12.2,25.98,No,House,3,Car,Savings,3,Branch,No,yes
APP300382,53,Female,Single,2,Employed,43413.82,539,46774.65,12,13.78,29.34,No,Apartment,1,Business,Savings,0,Agent,Yes,yes
APP300383,41,Female,Married,4,Self-Employed,89586.22,385,38246.01,12,11.73,17.93,Yes,Apartment,0,Personal,None,0,Online,Yes,yes
APP300384,24,Female,Single,1,Employed,108240.28,304,20782.04,48,3.07,12.44,Yes,Land,1,Car,Both,1,Online,No,yes
APP300385,58,Male,Married,2,Unemployed,196210.01,664,24310.71,12,2.66,27.49,No,Apartment,3,Personal,Both,0,Agent,No,yes
APP300386,64,Female,Divorced,1,Employed,109776.05,324,24147.62,36,9.04,18.94,No,Land,1,Personal,Both,4,Online,No,yes
APP300387,48,Male,Divorced,3,Unemployed,110550.93,803,27280.38,36,3.05,46.48,No,House,4,Car,None,0,Agent,Yes,yes
APP300388,50,Male,Divorced,2,Employed,113386,752,41641.4,24,2.6,28.87,No,Land,1,Home,Both,3,Online,No,yes
APP300389,52,Female,Divorced,2,Employed,68745.88,309,8734.63,60,5.37,22.99,Yes,Apartment,0,Personal,Checking,3,Branch,Yes,yes
APP300390,49,Male,Single,3,Employed,114661.32,381,17754.77,24,10.12,43.19,Yes,Land,0,Home,Both,3,Branch,No,yes
APP300391,64,Male,Single,2,Employed,35756.67,804,40906.14,48,8.96,35.29,Yes,Apartment,0,Personal,None,3,Online,No,yes
APP300392,29,Male,Single,3,Employed,167053.21,764,37403.4,12,7.09,43.62,No,Land,3,Business,None,4,Branch,Yes,yes
APP300393,63,Female,Married,3,Unemployed,20618.35,783,31948.81,12,5.62,47.76,Yes,None,4,Business,Checking,2,Online,Yes,yes
APP300394,60,Male,Single,3,Self-Employed,169820.11,838,25929.06,36,14.18,24.11,No,Land,3,Business,Both,5,Agent,No,yes
APP300395,28,Female,Married,0,Unemployed,65384.82,497,30102.02,60,10.06,26.76,No,House,3,Personal,Both,0,Branch,No,yes
APP300396,54,Male,Married,0,Unemployed,198113.78,715,28445.42,36,13.63,47.43,No,Apartment,0,Personal,Checking,4,Agent,No,yes
APP300397,34,Female,Married,3,Unemployed,122573.49,344,35829.33,24,10.1,15.61,No,None,1,Personal,Both,1,Branch,No,yes
APP300398,60,Female,Single,2,Unemployed,177553.68,651,30566.15,48,3.05,41.04,No,Apartment,2,Car,Checking,0,Agent,Yes,yes
APP300399,36,Male,Divorced,4,Self-Employed,140804.71,739,33504.67,48,12.69,30.2,No,Apartment,2,Business,Checking,0,Online,Yes,yes
